Key,English,ChineseSimplified,ChineseTraditional,Spanish,French,Russian,Portuguese,Japanese,Korean
广告奖励,Advertising Rewards,广告奖励,,,,,,広告報酬,광고 보상
看广告可以使用这个厉害的武器哟~,Watch ads to use this powerful weapon!,看广告可以使用这个厉害的武器哟~,,,,,,広告を見ればこの強力な武器を使うことができますよ~,광고를 보시면 이 강력한 무기를 사용하실 수 있습니다~
取消,Cancel,取消,,,,,,キャンセル,취소
免费获取,FREE,免费获取,,,,,,無料で入手,무료로 받으세요
提示,Tips,提示,,,,,,ヒント,힌트
确认花费258888金币购买,Confirm spending 258888 coins to buy,确认花费258888金币购买,,,,,,258888金貨での購入確認,258888 금화 비용으로 구매 확인
确定,Confirm,确定,,,,,,もちろん,확신하는
恭喜你获得新手大礼包     生命值+10000                        攻击力+500                         等级+20,"Congratulations on obtaining the Beginner Pack HP + 10,000 ATK + 500 Level +20",恭喜你获得新手大礼包     生命值+10000                        攻击力+500                         等级+20,,,,,,おめでとうございます、あなたは新人ギフトパックを受け取りました ライフ+10000 攻撃力+500 レベル+20,"축하합니다, 초보자 선물 팩 생명력+10000 공격력+500 레벨+20을 받으셨습니다."
前往斗神大陆,Go to Arena Continent,前往斗神大陆,,,,,,ゴッド・オブ・ファイターズ大陸へ,갓 오브 파이터즈 대륙으로 이동
复活小舞,Respawn Dance,复活小舞,,,,,,復活するダンス,부활의 춤
萧炎，我是美杜莎呀，快来魔兽山脉救我哇~,"Xiaoyan, it's Medusa. Come and rescue me in the Beast Mountains!",萧炎，我是美杜莎呀，快来魔兽山脉救我哇~,,,,,,シャオ・イェン、私はメドゥーサよ、私を助けるために魔獣山脈に来て！,"샤오옌, 난 메두사야, 마법 짐승 산맥으로 와서 날 구해줘!"
极乐净土,Blissful Land,极乐净土,,,,,,極楽浄土,순수한 행복의 땅
MetaWorld,MetaWorld,MetaWorld,,,,,,MetaWorld,MetaWorld
"成为倒霉之帝，需要被电击或被击飞或被发射1000次,奖励等级+99999","To become an unlucky emperor, you need to be shocked or knocked away or fired 1000 times. Reward level +99999","成为倒霉之帝，需要被电击或被击飞或被发射1000次,奖励等级+99999",,,,,,不運の皇帝になるには、感電死させられるか、飛ばされるか、1000回打ち上げられる必要がある。,"불운의 황제가 되려면 감전되거나 1000번 날아가거나 발사되어야 하며, 보너스 레벨 +99999를 획득해야 합니다."
Text,Text,Text,,,,,,Text,Text
啊啊啊,Ah...,啊啊啊,,,,,,ああああ,아아아아
任务,TASKS,任务,,,,,,タスク,일
aaaaaa,aaaaaa,aaaaaa,,,,,,aaaaaa,aaaaaa
100/20000,100/20000,100/20000,,,,,,100/20000,100/20000
完成！,Finished!,完成！,,,,,,完了した！,완료!
已获得,Obtained,已获得,,,,,,取得しました,획득
地阶高级斗技,Advanced Battle Skill,地阶高级斗技,,,,,,グラウンド・レベルの上級ファイティング・テクニック,지상 고급 전투 기술
增加最大生命值,Increase max HP,增加最大生命值,,,,,,最大寿命を延ばす,최대 수명 증가
斗技,Fighter,斗技,,,,,,戦闘スキル,전투 기술
功法,Skill,功法,,,,,,カンフー,쿵푸
丹药,Pill,丹药,,,,,,エリクサー,엘릭서
异火,Misfire,异火,,,,,,奇妙な火,이상한 불
恭喜你获得,Congratulations!,恭喜你获得,,,,,,おめでとう,귀하의
点击任意位置继续……,Tap anywhere to continue ......,点击任意位置继续……,,,,,,続行するには任意の場所をクリックしてください…,계속하려면 아무 곳이나 클릭하세요…
欢迎来到斗破苍穹乐园，我是你的私人游戏助理，接下来由我来帮助你了解游戏玩法吧~,"Welcome to Breakthrough Arena! I'm your personal game assistant, so let me help you understand the gameplay!",欢迎来到斗破苍穹乐园，我是你的私人游戏助理，接下来由我来帮助你了解游戏玩法吧~,,,,,,ドゥービーパラダイスへようこそ！私はあなた専属のゲームアシスタントです！,"두비 파라다이스에 오신 것을 환영합니다, 저는 여러분의 개인 게임 도우미입니다, 다음 게임 플레이에 대한 이해를 도와드릴게요~!"
07:59,07:59,07:59,,,,,,07:59,07:59
换装,Change clothes,换装,,,,,,ドレスアップ,옷을 입다
抽奖,Lottery,抽奖,,,,,,宝くじ,운
升级,UPGRADE,升级,,,,,,アップグレード,치받이
签到,Check-in,签到,,,,,,サインイン,로그인
排行榜,Leaderboard,排行榜,,,,,,ランキング一覧,순위 목록
背景音乐,Music,背景音乐,,,,,,バックグラウンドミュージック,배경 음악
藏宝图,Treasure Map,藏宝图,,,,,,宝の地図,보물지도
商店,Shop,商店,,,,,,店,가게
回家,Go Home,回家,,,,,,家に帰れ,집에 가다
STAY,STAY,STAY,,,,,,STAY,STAY
飞行倒计时 10 秒,Flight Countdown: 10s,飞行倒计时 10 秒,,,,,,フライトカウントダウン10秒,비행 카운트다운 10초
击杀怪物可以获得经验进行升级,Defeating monsters can earn you EXP to level up.,击杀怪物可以获得经验进行升级,,,,,,モンスターを倒してアップグレードのための経験値を得る,몬스터를 처치하여 업그레이드 경험치 획득
最大生命值：999,Max HP: 999,最大生命值：999,,,,,,寿命の最大値：999,최대 수명 값: 999
攻击力：100,ATK: 100,攻击力：100,,,,,,攻撃力：100,공격력: 100
移动速度：999,Speed: 999,移动速度：999,,,,,,移動速度：999,이동 속도: 999
飞行速度：1500,Speed: 1500,飞行速度：1500,,,,,,飛行速度：1500,비행 속도: 1500
跳跃高度：999,Jump Height: 999,跳跃高度：999,,,,,,ジャンプの高さ：999,점프 높이: 999
宠物,Pets,宠物,,,,,,ペット,애완 동물
九连杀！超越神啦！,Nine Kills! Beyond God!,九连杀！超越神啦！,,,,,,9連続キル！神を超えて！,9연속 킬! 신을 넘어서!
你是谁你是谁你是,Who are you? Who are you?,你是谁你是谁你是,,,,,,あなたは誰ですか、あなたは誰ですか、あなたは誰ですか,당신은 누구입니까? 당신은 누구입니까?
 击败 , Defeat , 击败 ,,,,,, ビート , 이기다 
1段斗之气(1级),Duan Qi (Level 1),1段斗之气(1级),,,,,,1 段頭志気（レベル1）,1 두안두지기(레벨 1)
爱玩游戏的小胖子,Game-playing little fat guy.,爱玩游戏的小胖子,,,,,,ゲームが大好きなデブ男,게임을 좋아하는 뚱뚱한 남자
100/100,100/100,100/100,,,,,,100/100,100/100
未拥有,Not owned,未拥有,,,,,,所有していない,소유하지 않음
我的宠物,My Pet,我的宠物,,,,,,私のペット,내 애완동물
免费抽奖,Free Lottery,免费抽奖,,,,,,無料抽選,무료 추첨
200级解锁,Unlock at Level 200,200级解锁,,,,,,レベル200でアンロック,200 레벨에서 잠금 해제
92,92,92,,,,,,92,92
性感的蔡司,Sexy Chase,性感的蔡司,,,,,,セクシーなツァイス,섹시한 자이스
28,28,28,,,,,,28,28
排名,Ranking,排名,,,,,,ランキング,순위
昵称,Nickname,昵称,,,,,,ニックネーム,닉네임
历史最高,Highest,历史最高,,,,,,史上最高,사상 최고치
当前高度,Current Height,当前高度,,,,,,現在の高さ,현재 높이
UserId,UserId,UserId,,,,,,UserId,UserId
未上榜,Not listed,未上榜,,,,,,リストに載っていない,목록에 없음
自己,Self,自己,,,,,,自分の,소유하다
value1,value1,value1,,,,,,value1,value1
value2,value2,value2,,,,,,value2,value2
value3,value3,value3,,,,,,value3,value3
排行模式,Ranking Mode,排行模式,,,,,,ランキングシステム,랭킹 시스템
击杀人数,Kills,击杀人数,,,,,,キル数,처치 횟수
收集分数,Collect Scores,收集分数,,,,,,スコアの収集,점수 수집
武器,Weapons,武器,,,,,,武器,무기
服装,Clothing,服装,,,,,,衣類,의류
飞行翼,Flying Wings,飞行翼,,,,,,アエロフォイル,에어로포일
拖尾,Trails,拖尾,,,,,,尾行,미행
发型,Hair,发型,,,,,,髪型,헤어스타일
上衣,Top,上衣,,,,,,上衣,재킷
下衣,Bottom,下衣,,,,,,ボトムス,하의
手,Hands,手,,,,,,手,손
鞋,Shoes,鞋,,,,,,靴,구두
套装,Outfit,套装,,,,,,スーツ,정장
返回,Return,返回,,,,,,戻る,반품
保存装扮,Save Outfit,保存装扮,,,,,,衣装を保存する,옷을 저장
终极冰环剑,Ultimate Ice Ringblade,终极冰环剑,,,,,,究極のアイスリングソード,궁극의 아이스 링 소드
补签,Make up,补签,,,,,,再署名,재서명
星期一,Monday,星期一,,,,,,月曜日,월요일
攻击力+100,ATK +100,攻击力+100,,,,,,攻撃力＋100,공격력 +100
生命值+1000,HP +1000,生命值+1000,,,,,,生命価値 +1000,생명 가치 +1000
星期二,Tuesday,星期二,,,,,,火曜日,화요일
攻击力+200,ATK +200,攻击力+200,,,,,,攻撃力＋200,공격력 +200
生命值+2000,HP +2000,生命值+2000,,,,,,生命価値 +2000,생명 가치 +2000
星期三,Wednesday,星期三,,,,,,水曜日,수요일
攻击力+300,ATK +300,攻击力+300,,,,,,攻撃力＋300,공격력 +300
生命值+3000,HP +3000,生命值+3000,,,,,,ライフ・バリュー +3000,생명 가치 +3000
星期四,Thursday,星期四,,,,,,木曜日,목요일
攻击力+400,ATK +400,攻击力+400,,,,,,攻撃力 +400,공격력 +400
生命值+4000,HP +4000,生命值+4000,,,,,,生命価値 +4000,수명 가치 +4000
星期五,Friday,星期五,,,,,,金曜日,금요일
攻击力+500,ATK +500,攻击力+500,,,,,,攻撃力＋500,공격력 +500
生命值+5000,HP +5000,生命值+5000,,,,,,生命価値 +5000,생명 가치 +5000
星期六,Saturday,星期六,,,,,,土曜日,토요일
攻击力+600,ATK +600,攻击力+600,,,,,,攻撃力＋600,공격력 +600
生命值+6000,HP +6000,生命值+6000,,,,,,生命価値 +6000,생명 가치 +6000
星期日,Sunday,星期日,,,,,,日曜日,일요일
等级+30,Level +30,等级+30,,,,,,レベル+30,레벨 +30
攻击力+700,ATK +700,攻击力+700,,,,,,攻撃力 +700,공격력 +700
生命值+7000,HP +7000,生命值+7000,,,,,,生命価値 +7000,생명 가치 +7000
七天累计登录,7-DAY CHECK-IN,七天累计登录,,,,,,7日間の累積ログイン,7일 누적 로그인
活动期间累计登录七天即可获得相应的奖励,Log in for seven days during the event to receive the corresponding reward,活动期间累计登录七天即可获得相应的奖励,,,,,,イベント期間中、合計7日間ログインすると、対応する報酬を手に入れることができる。,이벤트 기간 동안 총 7일 동안 로그인하면 해당 보상을 받을 수 있습니다.
1000,1000,1000,,,,,,1000,1000
defaultName,defaultName,defaultName,,,,,,defaultName,defaultName
获取失败，请重试,"Failed, please try again.",获取失败，请重试,,,,,,取得に失敗しました。もう一度お試しください,획득에 실패했습니다. 다시 시도해 주세요.
可以穿戴这套服装哟~,You can wear this outfit!,可以穿戴这套服装哟~,,,,,,このコスチュームを着ることができる。,이 코스튬을 착용할 수 있습니다.
可以使用这个厉害的武器哟~,You can use this powerful weapon!,可以使用这个厉害的武器哟~,,,,,,この素晴らしい武器が使えるよ,"이 멋진 무기를 사용할 수 있습니다, 요~."
可以使用超快翅膀飞行哟~,You can fly with superfast wings!,可以使用超快翅膀飞行哟~,,,,,,超高速の翼で飛ぶことができる！,초고속 날개로 날 수 있습니다!
可以使用这个帅气的拖尾哟~,You can use this handsome trailing effect!,可以使用这个帅气的拖尾哟~,,,,,,このハンサムなトレーリングテールが使えるんだ、よぉ～！,"이 잘생긴 꼬리를 사용해도 돼요, 요~!"
可以帮你找到它哟~,Can help you find it!,可以帮你找到它哟~,,,,,,私はそれを見つける手助けができる。,제가 도와드릴 수 있습니다.
可以增加2次使用次数哟~,You can increase the number of uses twice!,可以增加2次使用次数哟~,,,,,,使用回数を2回増やすことができる。,사용 가능 횟수를 2배까지 늘릴 수 있습니다.
可以随机提升攻击力、最大生命值、移动速度、飞行速度、跳跃高度。,"It can randomly increase Attack power, Max HP, Movement speed, Flight speed, Jump height.",可以随机提升攻击力、最大生命值、移动速度、飞行速度、跳跃高度。,,,,,,攻撃力、最大ライフ、移動速度、飛行速度、ジャンプの高さをランダムにアップさせることができる。,"공격력, 최대 생명력, 이동 속도, 비행 속도, 점프 높이가 무작위로 증가합니다."
可以补签哟~,You can make up for it.,可以补签哟~,,,,,,ビザの再発行は可能です。,대체 비자를 발급받을 수 있습니다.
可以免费抽奖哟~,You can draw a lottery for free!,可以免费抽奖哟~,,,,,,抽選で豪華賞品が当たります。,추첨을 통해 경품을 받을 수 있습니다.
带你去找皮肤~,Take you to the skin!,带你去找皮肤~,,,,,,あなたを肌身離さず連れて行く。,피부로 이동합니다.
宝箱是空的哎~,The treasure chest is empty!,宝箱是空的哎~,,,,,,宝箱は空っぽだ。,보물 상자가 비어 있습니다.
购买,Purchase,购买,,,,,,買う,구입하다
前往 斗神大陆\n复活小舞,Go to Arena\nRevive Dance,前往 斗神大陆\n复活小舞,,,,,,同人大陸の神様へ ⑭復活の小舞,도진 대륙의 신 \n 샤오마이 부활로 이동하기
前往,Go,前往,,,,,,に行く,이동
清晨,Morning,清晨,,,,,,早朝,이른 아침
中午,Noon,中午,,,,,,正午,정오
傍晚,Evening,傍晚,,,,,,夕方,저녁
凌晨,Morning,凌晨,,,,,,早朝,이른 아침
贵族女,Noble Woman,贵族女,,,,,,貴婦人,귀족 여성
富可敌国,Enemy Power,富可敌国,,,,,,国として豊かな,국가로서 부자
得到144个宝箱,Get 144 chests,得到144个宝箱,,,,,,144個の宝箱を手に入れる,144개의 보물 상자 획득
最强斗帝,Fighter,最强斗帝,,,,,,最強のドウ・ディ,최강의 도우디
"成为斗帝,达到100级",Become a champion and reach level 100.,"成为斗帝,达到100级",,,,,,デュエリストになってレベル100になる。,결투사가 되어 100레벨을 달성하세요.
最强斗圣,Fighter King,最强斗圣,,,,,,最強の同人誌、史上最強の格闘家,"역사상 가장 강력한 전사, 최강의 도진시"
成为斗圣，达到90级,Become a champion and reach level 90.,成为斗圣，达到90级,,,,,,ファイティング・セイントになり、レベル90に達する,싸우는 성자가 되어 90레벨 달성하기
最强斗尊,Supreme Fighter,最强斗尊,,,,,,最強のドウシュン,최강의 더우쥔
成为斗尊，达到80级,Become the Supreme Battle Master and reach level 80.,成为斗尊，达到80级,,,,,,ドウ・ズンになってレベル80に達する,더우쥔이 되어 80레벨 달성하기
最强斗宗,Challenger,最强斗宗,,,,,,最強のドウ・ゾン,최강 도우종
成为斗宗，达到70级,Become a fighter and reach level 70.,成为斗宗，达到70级,,,,,,ファイターになってレベル70に到達,투사가 되어 70레벨 달성
最强斗皇,Challenger,最强斗皇,,,,,,最強戦士,최강의 전투기
成为斗皇，达到60级,Become the champion and reach level 60.,成为斗皇，达到60级,,,,,,ファイティング・エンペラーになり、レベル60に達する,격투 황제가 되어 60레벨 달성하기
最强斗王,Challenger,最强斗王,,,,,,最強のキング・オブ・ファイターズ,최강의 킹 오브 파이터
成为斗王，达到50级,Become the champion and reach level 50.,成为斗王，达到50级,,,,,,キング・オブ・ファイターズになってレベル50に到達する,킹 오브 파이터가 되어 50레벨 달성하기
最强斗灵,Powerful Spirit,最强斗灵,,,,,,最強の闘志,최강의 투지
成为斗灵，达到40级,Become a fighting spirit and reach level 40.,成为斗灵，达到40级,,,,,,闘志を燃やし、レベル40に達する,투혼을 발휘하여 40레벨 달성
最强大斗师,Most Powerful Fighter,最强大斗师,,,,,,最強の戦士,가장 위대한 전사.
成为大斗师，达到30级,Become a brawler and reach level 30.,成为大斗师，达到30级,,,,,,グランド・マスターになってレベル30に到達,그랜드 마스터가 되어 30레벨 달성
最强斗师,Fighter,最强斗师,,,,,,最強戦士,최강의 전투기
成为斗师，达到20级,Become a fighter and reach level 20.,成为斗师，达到20级,,,,,,マスター・ファイターになってレベル20に達する,마스터 파이터가 되어 20레벨 달성하기
最强斗者,Fighter,最强斗者,,,,,,最強戦士,최강의 전투기
成为斗者，达到10级,Become a fighter and reach level 10.,成为斗者，达到10级,,,,,,ファイターになってレベル10に到達,투사가 되어 10레벨 달성
最强斗帝之帝,Emperor of Fighters,最强斗帝之帝,,,,,,最強のファイティング・エンペラー・オブ・エンペラー,황제 중 가장 강력한 전투 황제
大陆最强，达到999级，无敌！,"The continent is the strongest, reaching level 999, invincible!",大陆最强，达到999级，无敌！,,,,,,大陸最強、レベル999、無敵！,999 레벨에 도달한 대륙 최강자이자 무적의 존재!
杀戮师,Killer,杀戮师,,,,,,スレイヤー,슬레이어
成为杀戮之师，需要击杀10个敌人,Becoming a slayer requires defeating 10 enemies.,成为杀戮之师，需要击杀10个敌人,,,,,,キル・マスターになるには、敵を10人倒す必要がある。,킬마스터가 되려면 적 10명을 처치해야 합니다.
杀戮王,Slay King,杀戮王,,,,,,キング・オブ・キラーズ,킬러의 왕
成为杀戮之王，需要击杀50个敌人,Becoming the King of Slaughter requires defeating 50 enemies.,成为杀戮之王，需要击杀50个敌人,,,,,,50人の敵を倒してキング・オブ・キラーズになろう！,50명의 적을 처치하여 킬러의 왕이 되세요!
杀戮皇,Slaying Emperor,杀戮皇,,,,,,キリング・エンペラー,살인 황제
成为杀戮之皇，需要击杀100个敌人,Becoming the Slayer requires defeating 100 enemies.,成为杀戮之皇，需要击杀100个敌人,,,,,,キング・オブ・キラーズになるには、敵を100人殺す必要がある。,킬러의 왕이 되려면 적 100명을 처치해야 합니다.
杀戮圣,Slay St,杀戮圣,,,,,,キリング・セント,더 킬링 세인트
成为杀戮之圣，需要击杀200个敌人,200 enemies needed to be defeated to become Holy of Slaughter,成为杀戮之圣，需要击杀200个敌人,,,,,,セイント・オブ・キラーズになるには、敵を200人殺す必要がある。,킬러의 성자가 되려면 200명의 적을 처치해야 합니다.
杀戮帝,Slay Emperor,杀戮帝,,,,,,キリング・エンペラー,살인 황제
成为杀戮之帝，需要击杀999个敌人,Becoming the Slayer requires defeating 999 enemies.,成为杀戮之帝，需要击杀999个敌人,,,,,,殺戮の皇帝になるには、敵を999人殺す必要がある。,살육의 황제가 되려면 999명의 적을 처치해야 합니다.
跳高师,High Jumper,跳高师,,,,,,ハイジャンパー,하이 점퍼
成为跳高之师，需要累计跳跃高度达到50000米,"Becoming a high jump master requires reaching a cumulative jump height of 50,000 meters.",成为跳高之师，需要累计跳跃高度达到50000米,,,,,,走り高跳びの達人になるには、ジャンプの累積高さが5万メートルに達する必要がある,"높이뛰기의 달인이 되려면 누적 높이뛰기 높이가 50,000미터가 되어야 합니다."
跳高王,High Jump King,跳高王,,,,,,ハイジャンパー,하이 점퍼
成为跳高之王，需要累计跳跃高度达到100000米,"Becoming the King of High Jumps requires reaching 100,000 meters of jumping height",成为跳高之王，需要累计跳跃高度达到100000米,,,,,,走り高跳び王になるには、累積ジャンプ高10万メートルが必要だ！,"높이뛰기 왕이 되려면 누적 높이뛰기 높이가 100,000미터가 되어야 합니다!"
跳高皇,High Jump King,跳高皇,,,,,,ハイジャンパー,하이 점퍼
成为跳高之皇，，需要累计跳跃高度达到200000米,"Becoming king of the high jump requires reaching a cumulative jump height of 200,000 meters.",成为跳高之皇，，需要累计跳跃高度达到200000米,,,,,,走り高跳び王になるには、ジャンプの累積高さが20万メートルに達する必要がある。,"높이뛰기 왕이 되려면 누적 높이뛰기 높이가 200,000미터에 도달해야 합니다."
跳高圣,High Jump Saint,跳高圣,,,,,,ハイジャンパー,하이 점퍼
成为跳高之圣，需要累计跳跃高度达到500000米,"Becoming the Holy High Jump requires reaching a cumulative jump height of 500,000 meters",成为跳高之圣，需要累计跳跃高度达到500000米,,,,,,走り高跳びの聖者になるには、ジャンプの累積高さが50万メートルに達する必要がある。,"높이뛰기의 성인이 되려면 누적 높이뛰기 높이가 500,000미터에 도달해야 합니다."
跳高帝,High Jumper,跳高帝,,,,,,ハイジャンパー,하이 점퍼
成为跳高之帝，需要累计跳跃高度达到1000000米,"Becoming the High Jump Emperor requires reaching a cumulative jump height of 1,000,000 meters.",成为跳高之帝，需要累计跳跃高度达到1000000米,,,,,,走り高跳びの皇帝になるには、ジャンプの累積高さが100万メートルに達する必要がある。,"높이뛰기의 황제가 되려면 누적 높이뛰기 높이가 1,000,000미터에 도달해야 합니다."
倒霉师,Unlucky Master,倒霉师,,,,,,不遇の主,불행한 마스터
成为倒霉之师，需要被电击或被击飞或被发射10次,"To become an unlucky master, you need to be shocked or knocked away or fired 10 times.",成为倒霉之师，需要被电击或被击飞或被发射10次,,,,,,不運の達人になるには、10回感電死するか、飛ばされるか、打ち上げられる必要がある。,불운의 달인이 되려면 감전사하거나 날아가거나 10번 발사당해야 합니다.
倒霉王,Unlucky King,倒霉王,,,,,,不運王,불운의 왕
成为倒霉之王，需要被电击或被击飞或被发射50次,Becoming the Unlucky King requires being shocked or knocked away or fired 50 times,成为倒霉之王，需要被电击或被击飞或被发射50次,,,,,,不運の王になるには、感電死するか、飛ばされるか、50回打ち上げられる必要がある。,불운의 왕이 되려면 감전되거나 날아가거나 50번 발사되어야 합니다.
倒霉皇,Unlucky Emperor,倒霉皇,,,,,,不運な皇帝,불운한 황제
成为倒霉之皇，需要被电击或被击飞或被发射100次,Becoming an unlucky king requires being shocked or knocked away or fired 100 times,成为倒霉之皇，需要被电击或被击飞或被发射100次,,,,,,不運の皇帝になるには、感電死するか、飛ばされるか、100回打ち上げられる必要がある。,불운의 황제가 되려면 감전되거나 날아가거나 100번 발사되어야 합니다.
倒霉圣,Unlucky St.,倒霉圣,,,,,,不運な聖人,불운의 성자
成为倒霉之圣，需要被电击或被击飞或被发射500次,Becoming an unlucky saint requires being shocked or knocked away or fired 500 times,成为倒霉之圣，需要被电击或被击飞或被发射500次,,,,,,不運の聖人になるには、感電死するか、飛ばされるか、500回打ち上げられる必要がある。,불운의 성자가 되려면 감전사하거나 500번 날아가거나 발사되어야 합니다.
倒霉帝,Unlucky Emperor,倒霉帝,,,,,,不運な帝国,불운의 제국
成为倒霉之帝，需要被电击或被击飞或被发射1000次,"To become an unlucky emperor, you need to be shocked or knocked away or fired 1,000 times.",成为倒霉之帝，需要被电击或被击飞或被发射1000次,,,,,,不運の皇帝になるには、感電死させられるか、飛ばされるか、1000回打ち上げられる必要がある。,"불운의 황제가 되려면 감전되거나 날아가거나 1,000번 발사되어야 합니다."
舞师,Dancer,舞师,,,,,,ダンサー,댄서
成为舞师，需要跳舞10次,"To become a dancer, you need to dance 10 times.",成为舞师，需要跳舞10次,,,,,,ダンサーになるには、10回踊る必要がある,댄서가 되려면 10번 춤을 춰야 합니다.
舞王,Dance King,舞王,,,,,,舞王,댄스왕
成为舞王，需要跳舞30次,"To become a king, you need to dance 30 times.",成为舞王，需要跳舞30次,,,,,,ダンス王になるには、30回踊る必要がある。,댄스왕이 되려면 30번 춤을 춰야 합니다.
舞皇,Dancer,舞皇,,,,,,ダンスクイーン,댄스 퀸
成为舞皇，需要跳舞90次,"To become a dancer, you need to dance 90 times.",成为舞皇，需要跳舞90次,,,,,,ダンスキングになるには、90回踊る必要がある。,댄스왕이 되려면 90번 춤을 춰야 합니다.
舞圣,Dance Master,舞圣,,,,,,グレートダンサー,위대한 댄서
成为舞圣，需要跳舞200次,"To become a dancer, you need to dance 200 times.",成为舞圣，需要跳舞200次,,,,,,ダンス聖者になるには、200回踊る必要がある,댄스 성인이 되려면 200번 춤을 춰야 합니다.
舞帝,Dance Emperor,舞帝,,,,,,舞帝,춤추는 황제
成为舞帝，需要跳舞500次,"To become a dancer, you need to dance 500 times.",成为舞帝，需要跳舞500次,,,,,,ダンサーになるには500回踊る必要がある,댄서가 되려면 500번 춤을 춰야 합니다.
坐师,Sitting Mentor,坐师,,,,,,奉公を終える,견습 마무리
成为坐师，需要坐下10次,"To become a master, you need to sit down 10 times.",成为坐师，需要坐下10次,,,,,,シッティング・マスターになるには、10回座る必要がある。,시팅 마스터가 되려면 10번 앉아야 합니다.
坐王,Sitting King,坐王,,,,,,席に着く,앉으세요
成为坐王，需要坐下50次,"To become the King, you need to sit down 50 times.",成为坐王，需要坐下50次,,,,,,シッティング・キングになるには、50回座る必要がある。,앉아있는 왕이 되려면 50번 앉아야 합니다.
坐皇,Sitting King,坐皇,,,,,,戴く,왕좌를 차지하세요
成为坐皇，需要坐下100次,"To become king, you need to sit down 100 times.",成为坐皇，需要坐下100次,,,,,,シッティング・エンペラーになるには、100回座る必要がある,앉아있는 황제가 되려면 100번 앉아야 합니다.
坐圣,Sit San,坐圣,,,,,,着席セージ,앉은 세이지
成为坐圣，需要坐下300次,"To become a sitter, you need to sit down 300 times.",成为坐圣，需要坐下300次,,,,,,座る聖人になるには、300回座る必要がある,앉아있는 성인이 되려면 300번 앉아야 합니다.
坐帝,Sit Emperor,坐帝,,,,,,帝位に就く,황제 자리에 앉다
成为坐帝，需要坐下999次,"To become emperor, you need to sit down 999 times.",成为坐帝，需要坐下999次,,,,,,坐皇になるには、999回坐る必要がある,앉아있는 황제가 되려면 999번 앉아야 합니다.
武器之师,Weapon Master,武器之师,,,,,,武器の達人,마스터 오브 암즈
成为武器之师，需要更换10次武器,Becoming a weapon master requires changing weapons 10 times,成为武器之师，需要更换10次武器,,,,,,マスター・オブ・アームズになるには、10回の武器変更が必要。,무장의 달인이 되려면 무기를 10번 교체해야 합니다.
武器之王,Weapon King,武器之王,,,,,,武器王,무기의 왕
成为武器之王，需要更换50次武器,Becoming the King of Weapon requires 50 weapon changes,成为武器之王，需要更换50次武器,,,,,,武器王になるには50回の武器交換が必要だ。,무기의 왕이 되려면 50개의 무기를 변경해야 합니다.
武器之皇,Weapon King,武器之皇,,,,,,武器の皇帝,무기의 황제
成为武器之皇，需要更换150次武器,Becoming the Weapon King requires changing weapons 150 times,成为武器之皇，需要更换150次武器,,,,,,武器王になるには、武器を150回変える必要がある。,무기의 왕이 되려면 무기를 150번 교체해야 합니다.
武器之圣,Holy of Weapon,武器之圣,,,,,,武器の聖人,무기의 성자
成为武器之圣，需要更换500次武器,Becoming a weapon saint requires 500 weapon changes,成为武器之圣，需要更换500次武器,,,,,,武器の聖人になるには、500回武器を変える必要がある。,무기의 성자가 되려면 무기를 500번 교체해야 합니다.
武器之帝,Weapon Emperor,武器之帝,,,,,,武器の皇帝,무기의 황제
成为武器之帝，需要更换999次武器,Becoming the Weapon Emperor requires changing weapons 999 times,成为武器之帝，需要更换999次武器,,,,,,武器の皇帝になるには、武器を999回変える必要がある。,무기의 황제가 되려면 무기를 999번 교체해야 합니다.
换装之师,Outfit Master,换装之师,,,,,,ドレスアップ部門,드레스업 부문
成为换装之师，需要换装10次,"To become a dressmaker, you need to change clothes 10 times",成为换装之师，需要换装10次,,,,,,ドレスアップ部門になるには、10着のドレスアップが必要だ。,드레스업 부서가 되려면 10번의 드레스업이 필요합니다.
换装之王,Costume King,换装之王,,,,,,ドレスアップ王,드레스업의 왕
成为换装之王，需要换装50次,"To become the Dress-up King, you need to change clothes 50 times",成为换装之王，需要换装50次,,,,,,ドレスアップ王になるには、50回ドレスアップする必要がある。,옷차림의 왕이 되려면 50번 옷을 차려 입어야 합니다.
换装之皇,Outfit King,换装之皇,,,,,,ドレスアップの王様,드레스업의 왕
成为换装之皇，需要换装150次,"To become the Dress-up King, you need to change clothes 150 times",成为换装之皇，需要换装150次,,,,,,ドレスアップ王になるには、150のドレスアップをこなす必要がある。,드레스업의 왕이 되려면 150번의 드레스업을 해야 합니다.
换装之圣,Saint of Outfit,换装之圣,,,,,,ドレスアップの聖人,꾸밈의 성자
成为换装之圣，需要换装500次,"To become the Holy of Outfits, you need to change outfits 500 times",成为换装之圣，需要换装500次,,,,,,ドレスアップの聖人になるには、500回ドレスアップする必要がある。,옷차림의 성인이 되려면 500번 옷을 입어야 합니다.
换装之帝,Outfit Emperor,换装之帝,,,,,,ドレスアップの皇帝,드레스업의 황제
成为换装之帝，需要换装999次,Becoming the Dress-up Emperor requires changing clothes 999 times,成为换装之帝，需要换装999次,,,,,,ドレスアップの皇帝になるには、999回ドレスアップする必要がある。,옷차림의 황제가 되려면 999번 옷을 입어야 합니다.
飞行之师,Flying Master,飞行之师,,,,,,フライング部門,플라잉 디비전
成为飞行之师，需要更换10次飞行翅膀,Becoming a Flying Master requires changing your Wings 10 times,成为飞行之师，需要更换10次飞行翅膀,,,,,,マスター・オブ・フライトになるには、10回の飛行翼の交換が必要,비행의 달인이 되려면 비행 날개를 10번 교체해야 합니다.
飞行之王,Flying King,飞行之王,,,,,,キング・オブ・フライト,비행의 왕
成为飞行之王，需要更换50次飞行翅膀,Becoming the Flying King requires changing your wings 50 times,成为飞行之王，需要更换50次飞行翅膀,,,,,,飛行王になるには、翼を50回変える必要がある。,비행의 왕이 되려면 날개를 50번 교체해야 합니다.
飞行之皇,Flying King,飞行之皇,,,,,,飛翔の皇帝,비행의 황제
成为飞行之皇，需要更换150次飞行翅膀,Becoming the Flying King requires changing your wings 150 times,成为飞行之皇，需要更换150次飞行翅膀,,,,,,飛行王になるには、150回翼を変える必要がある。,비행의 왕이 되려면 날개를 150번 바꿔야 합니다.
飞行之圣,Holy of Flight,飞行之圣,,,,,,飛翔の賢人,비행의 현자
成为飞行之圣，需要更换500次飞行翅膀,Becoming the Holy of Flight requires 500 Wing Changes,成为飞行之圣，需要更换500次飞行翅膀,,,,,,飛行の聖人になるには、翼を500回変える必要がある。,비행의 성자가 되려면 날개를 500번 교체해야 합니다.
飞行之帝,Flying Emperor,飞行之帝,,,,,,飛翔の皇帝,비행의 황제
成为飞行之帝，需要更换999次飞行翅膀,Becoming the Flying Emperor requires changing your wings 999 times,成为飞行之帝，需要更换999次飞行翅膀,,,,,,飛行の皇帝になるには、翼を999回変える必要がある。,비행의 황제가 되려면 날개를 999번 교체해야 합니다.
特效之师,Effect Master,特效之师,,,,,,特撮の巨匠,특수 효과의 달인
成为特效之师，需要更换10次拖尾特效,"To become an effects master, you need to change the trailing effects 10 times.",成为特效之师，需要更换10次拖尾特效,,,,,,マスター・オブ・エフェクトになるには、後続のエフェクトを10回変更する必要がある。,효과의 달인이 되려면 후행 효과를 10번 변경해야 합니다.
特效之王,King of Effects,特效之王,,,,,,特撮の帝王,특수 효과의 왕
成为特效之王，需要更换50次拖尾特效,"To become the King of Effects, you need to change the trailing effect 50 times.",成为特效之王，需要更换50次拖尾特效,,,,,,エフェクト王になるには、後続のエフェクトを50回変える必要がある。,효과의 왕이 되려면 후행 효과를 50번 변경해야 합니다.
特效之皇,King of Effects,特效之皇,,,,,,キング・オブ・スペシャル・エフェクト,특수 효과의 왕
成为特效之皇，需要更换150次拖尾特效,"To become the King of Effects, you need to change the trailing effect 150 times.",成为特效之皇，需要更换150次拖尾特效,,,,,,エフェクト王になるには、後続のエフェクトを150回変える必要がある。,효과의 왕이 되려면 후행 효과를 150회 변경해야 합니다.
特效之圣,Effect Holy,特效之圣,,,,,,特殊効果の聖人,특수 효과의 성자
成为特效之圣，需要更换500次拖尾特效,"To become the holy of effects, you need to change the trailing effect 500 times.",成为特效之圣，需要更换500次拖尾特效,,,,,,エフェクトの聖人になるには、500回、後続のエフェクトを変える必要がある。,효과의 성자가 되려면 후행 효과를 500번 변경해야 합니다.
特效之帝,Effect Emperor,特效之帝,,,,,,特撮の帝王,특수 효과의 황제
成为特效之帝，需要更换999次拖尾特效,"To become the Emperor of Effects, you need to change the trailing effects 999 times.",成为特效之帝，需要更换999次拖尾特效,,,,,,特殊効果の皇帝になるには、999回、後続の効果を変える必要がある。,특수 효과의 황제가 되려면 후행 효과를 999번 변경해야 합니다.
音乐之师,Music Master,音乐之师,,,,,,音楽の巨匠,음악의 달인
成为音乐之师，需要切换10次背景音乐,"To become a music master, you need to switch background music 10 times.",成为音乐之师，需要切换10次背景音乐,,,,,,マスター・オブ・ミュージックになるには、BGMを10回切り替える必要がある。,음악의 달인이 되려면 배경 음악을 10번 바꿔야 합니다.
音乐之王,King of Music,音乐之王,,,,,,キング・オブ・ミュージック,음악의 왕
成为音乐之王，需要切换50次背景音乐,"To become the King of Music, you need to switch the background music 50 times.",成为音乐之王，需要切换50次背景音乐,,,,,,キング・オブ・ミュージックになるには、サウンドトラックを50回切り替える必要がある！,음악의 왕이 되려면 사운드트랙을 50번 바꿔야 합니다!
音乐之皇,Music King,音乐之皇,,,,,,キング・オブ・ミュージック,음악의 왕
成为音乐之皇，需要切换150次背景音乐,Becoming the King of Music requires switching the background music 150 times,成为音乐之皇，需要切换150次背景音乐,,,,,,キング・オブ・ミュージックになるには、サウンドトラックを150回切り替える必要がある！,음악의 왕이 되려면 사운드트랙을 150번 바꿔야 합니다!
音乐之圣,Music Holy,音乐之圣,,,,,,音楽の聖人,음악의 성자
成为音乐之圣，需要切换500次背景音乐,"To become the music saint, you need to switch the background music 500 times.",成为音乐之圣，需要切换500次背景音乐,,,,,,音楽の聖人になるには、BGMを500回切り替える必要がある。,음악의 성자가 되려면 배경 음악을 500번 바꿔야 합니다.
音乐之帝,Music Emperor,音乐之帝,,,,,,音楽の皇帝,음악의 황제
成为音乐之帝，需要切换999次背景音乐,Becoming the music king requires switching the background music 999 times.,成为音乐之帝，需要切换999次背景音乐,,,,,,音楽の皇帝になるには、サウンドトラックを999回切り替える必要がある。,음악의 황제가 되려면 사운드트랙을 999번 바꿔야 합니다.
抽奖之师,Lottery Master,抽奖之师,,,,,,抽選会のマスター,추첨의 달인
成为抽奖之师，需要抽奖10次,"To become a lottery master, you need to spin 10 times",成为抽奖之师，需要抽奖10次,,,,,,ドローの達人になるには、10回のドローが必要である。,추첨의 달인이 되려면 10번의 추첨이 필요합니다.
抽奖之王,Lottery King,抽奖之王,,,,,,ドローの王様,그리기의 왕
成为抽奖之王，需要抽奖50次,"To become the lottery king, you need to spin 50 times",成为抽奖之王，需要抽奖50次,,,,,,ドロー王になる。,"추첨의 왕 되기, 50회 추첨 필요"
抽奖之皇,Lottery King,抽奖之皇,,,,,,ラッフルの皇帝,추첨의 황제
成为抽奖之皇，需要抽奖150次,Becoming lottery king requires 150 lottery draws,成为抽奖之皇，需要抽奖150次,,,,,,ドロー王になるには、150回ドローする必要がある。,그리기 왕이 되려면 150번을 그려야 합니다.
抽奖之圣,Lottery Master,抽奖之圣,,,,,,ラッフルの賢人,추첨의 현자
成为抽奖之圣，需要抽奖500次,500 lotteries needed to become the lottery hero,成为抽奖之圣，需要抽奖500次,,,,,,ドローの聖人になるには、500回ドローする必要がある。,추첨의 성인이 되려면 500번 추첨해야 합니다.
抽奖之帝,Lottery King,抽奖之帝,,,,,,抽選会の皇帝,추첨의 황제
成为抽奖之帝，需要抽奖999次,Becoming lottery king requires 999 lottery draws,成为抽奖之帝，需要抽奖999次,,,,,,ラッキードローの皇帝になるには、999回引く必要がある。,복권 추첨의 황제가 되려면 999번을 추첨해야 합니다.
寻宝之师,Treasure Hunter,寻宝之师,,,,,,トレジャーハンター,보물 사냥꾼
成为寻宝之师，需要使用藏宝图10次,"To become a Treasure Hunter, you need to use the Treasure Map 10 times",成为寻宝之师，需要使用藏宝图10次,,,,,,トレジャーハンターになるには、宝の地図を10回使う必要がある。,보물 사냥꾼이 되어 보물지도를 10번 사용해야 합니다.
寻宝之王,King of Treasure Hunt,寻宝之王,,,,,,キング・オブ・トレジャーハンター,보물 사냥꾼의 왕
成为寻宝之王，需要使用藏宝图50次,"To become the King of Treasure Hunt, you need to use the Treasure Map 50 times.",成为寻宝之王，需要使用藏宝图50次,,,,,,トレジャーハンター王になるには、トレジャーマップを50回使う必要がある。,보물찾기 왕이 되려면 보물 지도를 50번 사용해야 합니다.
寻宝之皇,Treasure Hunt King,寻宝之皇,,,,,,トレジャーハンターの王,보물 사냥꾼의 왕
成为寻宝之皇，需要使用藏宝图150次,"To become the King of Treasure Hunt, you need to use the Treasure Map 150 times.",成为寻宝之皇，需要使用藏宝图150次,,,,,,宝探し王になるには、宝の地図を150回使う必要がある。,보물찾기 왕이 되려면 보물 지도를 150회 사용해야 합니다.
寻宝之圣,Holy Treasure Hunt,寻宝之圣,,,,,,トレジャーハンターの賢者,보물 사냥꾼의 현자
成为寻宝之圣，需要使用藏宝图500次,"To become the Holy of Treasure Hunt, you need to use the Treasure Map 500 times.",成为寻宝之圣，需要使用藏宝图500次,,,,,,トレジャーハンターになるには、トレジャーマップを500回使う必要がある。,보물 사냥꾼이 되려면 보물 지도를 500번 사용해야 합니다.
寻宝之帝,Treasure Hunt Emperor,寻宝之帝,,,,,,トレジャー・ハンターの皇帝,보물 사냥꾼의 황제
成为寻宝之帝，需要使用藏宝图999次,"To become the Treasure Hunter, you need to use the Treasure Map 999 times.",成为寻宝之帝，需要使用藏宝图999次,,,,,,宝探しの皇帝になるには、宝の地図を999回使う必要がある。,보물 찾기의 황제가 되려면 보물 지도를 999번 사용해야 합니다.
全局UI点击音效,Global UI Tap Sound,全局UI点击音效,,,,,,グローバルUIのクリック音,글로벌 UI 클릭 사운드
喷泉水声,Sound of Fountains,喷泉水声,,,,,,ピチャピチャ,분수대의 물소리
坐UI图标,Sit on the UI icon,坐UI图标,,,,,,座るUIアイコン,앉기 UI 아이콘
坐姿,Sit,坐姿,,,,,,シッティングポジション,앉은 자세
不知道叫啥,I don't know what it is.,不知道叫啥,,,,,,なんていう名前かは知らない。,이름이 뭔지 모르겠습니다.
也不知道叫啥,I don't know what it is.,也不知道叫啥,,,,,,なんていう名前かは知らない。,이름이 뭔지 모르겠습니다.
金轮,Golden Wheel,金轮,,,,,,黄金の車輪,황금바퀴
我会活下去,I will live.,我会活下去,,,,,,死にはしません,나는 살아남을 것이다
震荡音乐icon,Rock Music Icon,震荡音乐icon,,,,,,発振するミュージック・アイコン,진동 음악 아이콘
跳舞图标,Dance Icon,跳舞图标,,,,,,踊るアイコン,춤추는 아이콘
动画,Animation,动画,,,,,,アニメーション,생기
换装特效,Costume Effect,换装特效,,,,,,ドレスアップ特殊効果,특수 효과를 입으십시오
升级音效,Upgrade Sound,升级音效,,,,,,アップグレード効果音,음향 효과 업그레이드
升级特效,Upgrade Effect,升级特效,,,,,,特殊効果をアップグレードする,특수 효과 업그레이드
武器资源加载,Weapon Resource Load,武器资源加载,,,,,,武器資源のローディング,무기 자원 로딩
问号,Question mark,问号,,,,,,クエスチョンマーク,물음표(구두점)
翅膀,Wings,翅膀,,,,,,翼,비행
传送特效,Teleport Effects,传送特效,,,,,,テレポーテーション効果,순간이동 효과
收集物icon,Collectibles,收集物icon,,,,,,コレクションアイコン,컬렉션 아이콘
宝箱,Treasure Chest,宝箱,,,,,,宝箱,보물 상자
寻路特效,Pathfinding Effect,寻路特效,,,,,,パスファインダー効果,패스 파인더 효과
目标点特效,Target Point Effect,目标点特效,,,,,,目標ポイント効果,타겟 포인트 효과
属性加点特效,Attributes,属性加点特效,,,,,,属性追加効果,속성 추가 효과
昼夜,Day & Night,昼夜,,,,,,絶え間なく,멈추지 않고 지속적으로
站立动画,Stand-up Animation,站立动画,,,,,,スタンディング・アニメーション,스탠딩 애니메이션
宠物Icon,Pet Icon,宠物Icon,,,,,,ペットアイコン,애완동물 아이콘
抽奖音效,Lottery Sound,抽奖音效,,,,,,抽選会サウンド,추첨 사운드
1级以及上可进入,Level 1 and up,1级以及上可进入,,,,,,レベル1以上でアクセス可能,레벨 1 이상에서 액세스 가능
50级以及上可进入,Level 50 and up,50级以及上可进入,,,,,,レベル50以上でアクセス可能,50레벨 이상부터 이용 가능
80级以及上可进入,Level 80 and up,80级以及上可进入,,,,,,レベル80以上でアクセス可能,80레벨 이상부터 이용 가능
150级以及上可进入,Level 150 and up,150级以及上可进入,,,,,,レベル150以上でアクセス可能,150레벨 이상부터 이용 가능
200级以及上可进入,Level 200 and up,200级以及上可进入,,,,,,レベル200以上でアクセス可能,레벨 200 이상에서 액세스 가능
兜帽男,Hood,兜帽男,,,,,,フードをかぶった男,후드맨
双马尾女,Twin Ponytails,双马尾女,,,,,,ツインテールの女の子,쌍둥이 꼬리를 가진 소녀
男战士,Male Warrior,男战士,,,,,,男性戦士,남성 전사
机甲少女,Mecha Girl,机甲少女,,,,,,メカガール,메카 소녀
男骑士,Knight,男骑士,,,,,,男性騎士,남성 기사
纳米机甲女性,Nano Mecha Female,纳米机甲女性,,,,,,ナノメカメス,나노메카 암컷
赛博少年,Cyber Boy,赛博少年,,,,,,サイバー少年,사이버 소년
赛博少女,Cyber Girl,赛博少女,,,,,,サイバーガール,사이버 소녀
一定锅少年,Must Be Pot Boy,一定锅少年,,,,,,きっと熱い少年なんだろうね,분명 핫한 소년이겠지
求神少年,Goddess Boy,求神少年,,,,,,神に祈る若者,신에게 기도하는 청년
一定锅少女,Must Be Pot Girl,一定锅少女,,,,,,鍋娘に違いない,팟걸이겠지
求神少女,Goddess Girl,求神少女,,,,,,神を求める少女,신을 찾는 소녀
宝石铠甲男,Gem Armor,宝石铠甲男,,,,,,宝石の鎧の男,보석 갑옷 남자
铠甲男战士,Armored Warrior,铠甲男战士,,,,,,鎧を着た男性戦士,무장한 남성 전사
黑人男纳米机甲,Black Male Nano Mecha,黑人男纳米机甲,,,,,,黒人男性ナノメカ,흑인 남성 나노메카
白人男纳米机甲,White Male Nano Mech Armor,白人男纳米机甲,,,,,,白人男性のナノメカ,백인 남성 나노메카
白银骑士,Silver Knight,白银骑士,,,,,,銀の騎士,실버 나이트
鹰战士,Eagle Warrior,鹰战士,,,,,,鷲の戦士,독수리 전사
战士,Warrior,战士,,,,,,戦士,전사
毒液怪人,Venom Man,毒液怪人,,,,,,ヴェノムモンスター,베놈 몬스터
蚁侠士,Ant Man,蚁侠士,,,,,,アントマン,앤트맨
最强队长,Captain Strongest,最强队长,,,,,,最強のキャプテン,가장 강한 선장
超帅侠,Super Handsome,超帅侠,,,,,,超イケメン,슈퍼 잘 생긴 남자
奇异战士,Strange Warrior,奇异战士,,,,,,奇妙な戦士,이상한 전사
闪电怪,Lightning Monster,闪电怪,,,,,,雷の怪物,번개 괴물
恶灵骷髅,Evil Soul Skeleton,恶灵骷髅,,,,,,邪悪な骸骨,사악한 해골
铁人,Ironman,铁人,,,,,,アイアンマン,아이언맨
风衣女,Trench Coat,风衣女,,,,,,女性のトレンチコート,여성 트렌치코트
汉服少女,Chinese Girl,汉服少女,,,,,,漢服の女の子,한푸 소녀
时尚少女,Stylish Girl,时尚少女,,,,,,ファッションの女の子,패션 소녀
潮流少女,Stylish Girl,潮流少女,,,,,,トレンディな女の子,트렌디한 소녀
古代书生,Ancient Scholar,古代书生,,,,,,古代の学者,고대 학자
黄阶低级斗技,Yellow Rank,黄阶低级斗技,,,,,,黄ランクの低級格闘技,저급 황색 등급 전투 기술
黄阶中级斗技,Yellow Intermediate Fighter,黄阶中级斗技,,,,,,イエロー・ランク中級格闘技,황색 등급 중급 격투 기술
黄阶高级斗技,Yellow Advanced Combat,黄阶高级斗技,,,,,,イエロー・オーダー・アドバンス・ファイティング・テクニック,황색 오더 고급 전투 기술
玄阶低级斗技,Profound Battle Skill,玄阶低级斗技,,,,,,下級玄級格闘術,저급 수안 클래스 전투 기술
玄阶中级斗技,Profound Battle Skill,玄阶中级斗技,,,,,,中級玄人クラスの格闘技。,중급 수안 클래스 전투 기술입니다.
玄阶高级斗技,Advanced Battle Skill,玄阶高级斗技,,,,,,玄ランク上級格闘技,수안 계급 고급 전투 기술
地阶低级斗技,Lower Level Fighter,地阶低级斗技,,,,,,土拳,대지 등급의 저급 전투 기술(무술)
地阶中级斗技,Intermediate Battle Skill,地阶中级斗技,,,,,,アースランク中級格闘技,대지 랭크 중급 전투 기술
天阶低级斗技,Advanced Battle Skill,天阶低级斗技,,,,,,下級天闘技,저급 천상 전투 기술
天阶中级斗技,Intermediate Battle Skill,天阶中级斗技,,,,,,スカイランク中級格闘技,하늘 등급 중급 격투 기술
天阶高级斗技,Advanced Battle Skill,天阶高级斗技,,,,,,天界レベルの高度な戦闘スキル,천국 수준의 고급 전투 기술
黄阶低级功法,Yellow Rank,黄阶低级功法,,,,,,低級イエローステージ・テクニック,저급 옐로우 스테이지 기술
黄阶中级功法,Yellow Intermediate,黄阶中级功法,,,,,,イエローオーダー中級テクニック,노란색 주문 중급 기술
黄阶高级功法,Yellow Rank Advanced,黄阶高级功法,,,,,,イエローオーダー上級テクニック,옐로우 오더 고급 기술
玄阶低级功法,Lower Level Skill,玄阶低级功法,,,,,,玄級下段技,쉬안 클래스 저레벨 기술
玄阶中级功法,Master Mode,玄阶中级功法,,,,,,中級玄人クラスのテクニック,중급 쉬안 클래스 기술
玄阶高级功法,Advanced Mastery,玄阶高级功法,,,,,,玄クラスの上級テクニック。,쉬안 클래스 고급 기술.
地阶低级功法,Lower Level Skill,地阶低级功法,,,,,,低級地球ステージ・テクニック,저급 지구 단계 기술
地阶中级功法,Rank Intermediate,地阶中级功法,,,,,,中級グランドレベル・テクニック,중급 지상 기술
地阶高级功法,Advanced Rank Skill,地阶高级功法,,,,,,アースステージ上級テクニック,어스 스테이지 고급 기술
天阶低级功法,Advanced Skill,天阶低级功法,,,,,,ヘブンリーランク・ローレベル・テクニック,천계 저레벨 기술
天阶中级功法,Advanced Skill,天阶中级功法,,,,,,天位中級テクニック,천계 중급 기술
天阶高级功法,Advanced Skill,天阶高级功法,,,,,,天上ランク上級テクニック,천상 등급 고급 기술
一品丹药,Pill,一品丹药,,,,,,一級霊薬,1등급 엘릭서
二品丹药,Pill II,二品丹药,,,,,,二級霊薬,2등급 엘릭서
三品丹药,Pill,三品丹药,,,,,,三級霊薬,3등급 엘릭서
四品丹药,Pill,四品丹药,,,,,,四級霊薬,4급 엘릭서
五品丹药,Wupin Pill,五品丹药,,,,,,小5エリクサー,5급 엘릭서
六品丹药,Liupin Pill,六品丹药,,,,,,小学6年生の万能薬,6급 엘릭서
七品丹药,Qipin Pill,七品丹药,,,,,,セブン・エリクサー,일곱 번째 등급 엘릭서
一色丹雷八品丹药,Thunder Pill,一色丹雷八品丹药,,,,,,一色丹玲八級丸薬,원 컬러 단 레이 8학년 알약
二色丹雷八品丹药,Red Thunder Pill,二色丹雷八品丹药,,,,,,二色檀雷8級霊薬,이색 단 레이 8급 비약
三色丹雷八品丹药,Tricolor Salvia Pill,三色丹雷八品丹药,,,,,,三色丹玲八級霊薬,삼색 단 레이 8급 비약
四色丹雷八品丹药,Thunder Pill,四色丹雷八品丹药,,,,,,四色丹玲八級霊薬,4색 단 레이 8급 비약
五色丹雷八品丹药,Thunder Pill,五色丹雷八品丹药,,,,,,五色丹玲八級霊薬,오색 단 레이 8급 비약
六色丹雷八品丹药,Red Thunder Pill,六色丹雷八品丹药,,,,,,六彩丹玲八級霊薬,육색 단 레이 8급 영약
七色丹雷八品丹药,Seven-colored Thunder Pill,七色丹雷八品丹药,,,,,,七色丹玲八級霊薬,일곱 빛깔 단 레이 8급 영약
八色丹雷八品丹药,Thunder Pill,八色丹雷八品丹药,,,,,,八色丹玲八級霊薬,여덟 가지 색의 단 레이 8급 영약
九色丹雷八品丹药,Silverstorm Pill,九色丹雷八品丹药,,,,,,九色丹玲八級丸薬,나인 컬러 댄 레이 8학년 알약
九品宝丹,Treasure Pill,九品宝丹,,,,,,きゅうやく,아홉 가지 보약(한의학)
九品玄丹,Nine-pint Profound Pill,九品玄丹,,,,,,九品玄丹,9점 수안 단
九品金丹,Gold Pill,九品金丹,,,,,,九品金丹,9급 금약(한의학)
帝品丹药,Imperial Pill,帝品丹药,,,,,,最高の万能薬,최상급 엘릭서
玄黄炎  异火榜排名第23,Mystic Flame Ranked 23rd on the Foreign Fire List,玄黄炎  异火榜排名第23,,,,,,玄桓岩、外国人火災ランキング23位。,해외 화재 목록에서 23위를 차지한 쉬안황옌.
万兽灵火  异火榜排名第22,Beast Spirit Fire #22 on the Hot List,万兽灵火  异火榜排名第22,,,,,,獣の精霊の火 海外の火ランキング22位。,짐승의 정령 불. 외국 화재 목록에서 22위를 차지했습니다.
阴阳炎  异火榜排名第21,Ranked 21st on the Hot List,阴阳炎  异火榜排名第21,,,,,,イインヤン・イェン、外国人ファイヤーランキング21位。,해외 화재 순위 21위를 차지한 인양 옌.
幽冥毒火  异火榜排名第20,Underworld Poisonous Fire Ranked 20th on the Hot List,幽冥毒火  异火榜排名第20,,,,,,冥界の毒の炎、外国の炎のランキングで20位。,지하 세계의 독 불꽃은 외래 불꽃 목록에서 20위를 차지했습니다.
青莲地心火  异火榜排名第19,Lotus Fire Ranked 19th on the list,青莲地心火  异火榜排名第19,,,,,,グリーン・ロータス・アース・フレイムは、外国の炎のランキングで19位。,녹색 연꽃 대지의 불꽃은 외국 불꽃 목록에서 19위를 차지했습니다.
风怒龙炎  异火榜排名第18,Dragon Fury Ranked 18th on the Hot List,风怒龙炎  异火榜排名第18,,,,,,ウインドフューリー・ドラゴンフレイム、海外ファイヤーランキング18位。,바람의 분노 드래곤플레임은 외래 화재 목록에서 18위를 차지했습니다.
火山石焰  异火榜排名第17,Volcanic Fossil Flame Ranked 17th on the Hot List,火山石焰  异火榜排名第17,,,,,,ヴォルカニック・ストーン・フレーム、海外の炎のランキングで17位。,화산석 화염은 외래 화염 목록에서 17위를 차지했습니다.
火云水炎  异火榜排名第16,Fire Cloud Flame #16 on the Hot List,火云水炎  异火榜排名第16,,,,,,火雲水炎、外国の炎ランキング16位。,외래 화염 목록에서 16위를 차지한 파이어클라우드 워터플레임.
海心炎  异火榜排名第15,Sea Heart Flame Ranked 15th on the Foreign Fire List,海心炎  异火榜排名第15,,,,,,海信燕、外国人選手火災ランキング15位。,하이신옌은 해외 화재 발생 순위 15위를 차지했습니다.
陨落心炎  异火榜排名第14,Falling Heart Flame Ranked 14th on the Foreign Fire List,陨落心炎  异火榜排名第14,,,,,,フォーリングハート・フレーム、外国人火災ランキング14位。,낙하하는 심장 불꽃은 해외 화재 목록에서 14위를 차지했습니다.
龟灵地火  异火榜排名第13,Turtle Fire Ranked 13th on the Hot List,龟灵地火  异火榜排名第13,,,,,,亀霊土炎、外国の炎のランキングで13位。,거북 정령의 대지 불꽃은 외국 불꽃 목록에서 13위를 차지했습니다.
九龙雷罡火  异火榜排名第12,Kowloon Thunderfire Ranked 12th on the Hot List,九龙雷罡火  异火榜排名第12,,,,,,ナインドラゴンズ・サンダーボルト・フレイム、海外の炎のランキングで12位。,나인 드래곤즈 썬더볼트 플레임은 외국 불꽃 목록에서 12위를 차지했습니다.
骨灵冷火  异火榜排名第11,Bone Spirit Cold Fire #11 on the Hot List,骨灵冷火  异火榜排名第11,,,,,,ボーン・コールド・ファイヤー（骨冷の火）」は、海外の火災ランキングで11位にランクされた。,본 콜드 파이어는 해외 화재 목록에서 11위를 차지했습니다.
九幽风炎  异火榜排名第10,Ranked 10th on the Hot Fire List.,九幽风炎  异火榜排名第10,,,,,,ナイン・ファントム・ウィンド・フレイム（9つの幻の風炎）。,외국 화염 목록에서 10위를 차지한 '나인 팬텀 윈드 플레임'이 있습니다.
三千焱炎火  异火榜排名第9,Ranked #9 on the all-fire list.,三千焱炎火  异火榜排名第9,,,,,,三千の驚異的な炎、海外の炎ランキング9位。,삼천 개의 놀라운 불꽃은 외국 불꽃 목록에서 9위를 차지했습니다.
红莲业火  异火榜排名第8,Lotus Fire #8 on the Hot List,红莲业火  异火榜排名第8,,,,,,紅蓮の業火、海外の業火ランキング8位。,붉은 연꽃 업장의 불. 외국 화재 목록에서 8위를 차지했습니다.
九幽金祖火  异火榜排名第7,Golden Ancient Fire #7 on the Hot List,九幽金祖火  异火榜排名第7,,,,,,黄金の祖先の炎は、外国の炎のランキングで7位にランクされている。,황금 조상의 불꽃은 외국 불꽃 목록에서 7위에 랭크되어 있습니다.
八荒破灭焱  异火榜排名第6,Wasteland Cage #6 on the Hot List,八荒破灭焱  异火榜排名第6,,,,,,八つの荒涼とした驚異の火は、海外の火ランキングで6位にランクインしている。,황량한 8가지 놀라운 화재는 해외 화재 목록에서 6위를 차지했습니다.
生灵之焱  异火榜排名第5,Cage of Creatures #5 on the Hot Fire List,生灵之焱  异火榜排名第5,,,,,,アメイジング・スピリット、海外炎上ランキング5位。,어메이징 스피릿은 외국 불꽃 목록에서 5위를 차지했습니다.
金帝焚天炎  异火榜排名第4,Golden Emperor Ranked 4th on the Hot List,金帝焚天炎  异火榜排名第4,,,,,,金皇灼熱の炎、海外の炎ランキング4位。,황금 황제 불타는 불꽃은 외국 불꽃 목록에서 4위를 차지했습니다.
净莲妖火  异火榜排名第3,Lotus Fairy Fire #3 on the Hot List,净莲妖火  异火榜排名第3,,,,,,ピュアロータス・デモン・フレイム、外国の炎のランキングで3位。,순수한 연꽃 악마의 불꽃은 외계 불꽃 목록에서 3위를 차지했습니다.
虚无吞炎  异火榜排名第2,Void Devour Ranked #2 on the Foreign Fire List,虚无吞炎  异火榜排名第2,,,,,,ヴォイド・スワローイング・フレイム、外国の炎のランキングで2位。,공허를 삼키는 불꽃은 이물질 불꽃 목록에서 2위를 차지했습니다.
帝炎  异火榜排名第1,Ranked 1st on the Hot Fire List,帝炎  异火榜排名第1,,,,,,皇帝の炎は海外の炎ランキングで1位。,황제의 불꽃은 외국 불꽃 목록에서 1위를 차지했습니다.
青铜镰刀,Bronze Sickle,青铜镰刀,,,,,,銅鎌,청동 낫
黑钢镰刀,Black Steel Sickle,黑钢镰刀,,,,,,黒鋼の大鎌,검은 강철의 낫
海盗刀,Pirate Knife,海盗刀,,,,,,海賊ナイフ,해적 칼
激光剑,Laser Sword,激光剑,,,,,,レーザーソード,레이저 검
刀,Knife,刀,,,,,,刀,칼
镰刀,Sickle,镰刀,,,,,,鎌,낫
金镰刀,Golden Sickle,金镰刀,,,,,,大鎌,낫
翡翠镰刀,Jade Sickle,翡翠镰刀,,,,,,エメラルド鎌,에메랄드 낫
屠龙剑,Dragon Slayer,屠龙剑,,,,,,竜殺しの剣,드래곤 슬레이어의 검
青虹剑,Rainbow Sword,青虹剑,,,,,,ブルー・レインボー・ソード,푸른 무지개 검
龙泉剑,Dragon Spring Sword,龙泉剑,,,,,,龍泉剣,롱취안 검
紫电剑,Purple Electric Sword,紫电剑,,,,,,紫剣,보라색 검(마법사의 검)
灵犀圣剑,Spirit Rumble Sword,灵犀圣剑,,,,,,サイの剣,코뿔소의 검
白金剑,Platinum Sword,白金剑,,,,,,プラチナの剣,백금 검
紫魔剑,Purple Demon Sword,紫魔剑,,,,,,紫魔刀,보라색 악마의 검
天使剑,Angel Sword,天使剑,,,,,,天使の剣,천사의 검
恶魔剑,Demon Sword,恶魔剑,,,,,,魔剣,악마검
紫虎剑,Purple Tiger Sword,紫虎剑,,,,,,紫虎刀,보라색 호랑이 검
大砍刀,Machete,大砍刀,,,,,,マチェーテ,칼
泣血刀,Weeping Knife,泣血刀,,,,,,嘆きの血のナイフ,흐느끼는 피의 칼
悟空法杖,Goku Staff,悟空法杖,,,,,,悟空スタッフ,오공의 직원
赛博斩刀,Cyber Slash,赛博斩刀,,,,,,サイバー・チョッパー,사이버 초퍼
黄金海王镰刀,Golden Neptune Sickle,黄金海王镰刀,,,,,,黄金の海王鎌,황금 바다 왕 낫
激光炮,Laser Cannon,激光炮,,,,,,レーザーキャノン,레이저 대포
天神枪,God's Gun,天神枪,,,,,,天の拳銃,천상의 권총
假雷神之锤,Fake Thor's Hammer,假雷神之锤,,,,,,偽ソーのハンマー,가짜 토르의 망치
毒液刺,Venom Thorn,毒液刺,,,,,,毒針,독침
灭霸法球,Thamos Magic Orb,灭霸法球,,,,,,エクスターミネーター・スフィア,퇴치자 구
螺旋丸,Rasengan,螺旋丸,,,,,,ラセンガン,라센간
双剑华斩,Twin Sword Slash,双剑华斩,,,,,,ダブルソード・ホアチョップ,쌍검 화 찹
洛基法杖,Rocky Staff,洛基法杖,,,,,,ロキの杖,로키의 스태프
太阳神突刺斩,Sun God Slash,太阳神突刺斩,,,,,,太陽神刺しチョップ,태양신 찌르기 찹
死神斑爷剑,Death Glare Sword,死神斑爷剑,,,,,,死神の剣,죽음의 신의 검
纳米机甲剑,Nanomachine Armor Sword,纳米机甲剑,,,,,,ナノ・メカソード,나노 메카 소드
双剑死侍,Double Sword Deathrattle,双剑死侍,,,,,,二刀流デッドプール,투 소드 데드풀
紫斐镰刀变异版,Violet Sickle Mutated Edition,紫斐镰刀变异版,,,,,,パープル・フェイ・サイス・ミュータント,보라색 페이 낫 돌연변이
紫斐镰刀,Violet Sickle,紫斐镰刀,,,,,,パープル・フェイ・サイス,보라색 페이 낫
真雷神之锤,True Thor's Hammer,真雷神之锤,,,,,,リアル・ソーのハンマー（ビデオゲーム・シリーズ）,진짜 토르의 망치(비디오 게임 시리즈)
黑洞,Black Hole,黑洞,,,,,,ブラックホール,블랙홀
金刚狼爪,Wolvie Claw,金刚狼爪,,,,,,ウルヴァリンの爪,울버린 클로
黄金裂地刀,Golden Ground Breaker,黄金裂地刀,,,,,,ゴールデン・アース・スプリッティング・ナイフ,황금 대지 쪼개는 칼
真裂地刀,True Ground Breaker,真裂地刀,,,,,,真正包丁人,진정한 클리버
机甲枪,Mecha Gun,机甲枪,,,,,,メカガン,기계 총
雏田法球,Hinata Magic Ball,雏田法球,,,,,,デイジーのボール,데이지의 공 (무술)
路飞二档,Luffy II,路飞二档,,,,,,ルフィのセカンドギア,루피의 두 번째 기어
佐助强化霜度剑,Sasuke Enhancement Frost Sword,佐助强化霜度剑,,,,,,サスケ、フロスティ・ソードを強化,사스케가 서리의 검을 강화합니다.
森林哨兵剑,Forest Sentry Sword,森林哨兵剑,,,,,,フォレスト・センチネル・ソード,포레스트 센티널 소드
金枪鱼激光射线,Tuna Laser,金枪鱼激光射线,,,,,,マグロ・レーザー光線,참치 레이저 광선
信号枪激光射线,Signal Gun Laser Rays,信号枪激光射线,,,,,,信号銃レーザー光線,시그널 건 레이저 광선
藤蔓突刺,Vine Thorn,藤蔓突刺,,,,,,バイン・スパイク,바인 스파이크
藤蔓缠绕,Vine Wrap,藤蔓缠绕,,,,,,つるだらけ,덩굴에 걸린
干柿鬼鲛斩,Dark Slash,干柿鬼鲛斩,,,,,,キキノキ・オンスロート・チョッパー,키키노키 맹공격 헬기
赛博女孩枪,Cyber Girl Gun,赛博女孩枪,,,,,,サイバー・ガール・ガン,사이버 걸 건
蝴蝶连击剑,Butterfly Sword,蝴蝶连击剑,,,,,,バタフライ・ソード,버터플라이 소드
怪物爪子,Monster Paw,怪物爪子,,,,,,モンスター・クロー,몬스터 발톱
断重剑,Broken Sword,断重剑,,,,,,エペ,에페(펜싱)
冰雪剑,Snow Sword,冰雪剑,,,,,,氷の剣,얼음 검
蓄力激光波,Charge Laser Wave,蓄力激光波,,,,,,レーザーウェーブ,레이저 웨이브
冰女剑,Ice Sword,冰女剑,,,,,,アイスウーマンの剣,얼음 여인의 검
地刺镰刀,Earthspike Sickle,地刺镰刀,,,,,,大鎌,낫
弹钢琴,Play the piano,弹钢琴,,,,,,ピアノを弾いてください,피아노를 치다
唱歌,Sing,唱歌,,,,,,歌う,노래하다
舞蹈动画09,Dance Animation 09,舞蹈动画09,,,,,,ダンス・アニメーション 09,댄스 애니메이션 09
扭胯,Twist,扭胯,,,,,,腰をひねる,엉덩이를 비틀어보세요
拉丁舞,Latin,拉丁舞,,,,,,ラテンダンス,라틴 댄스
海草舞,Seaweed Dance,海草舞,,,,,,海藻ダンス,해초 댄스
旋转跳舞,Spin and Dance,旋转跳舞,,,,,,スピンダンス,스핀 댄스
蛇女,Snake Woman,蛇女,,,,,,蛇の女の子,뱀 소녀
蜘蛛,Spider,蜘蛛,,,,,,スパイダー,거미
蜘蛛精,Spider Essence,蜘蛛精,,,,,,スパイダーマン、コミックのスーパーヒーロー,"만화 속 슈퍼 히어로, 스파이더맨"
龙,Dragon,龙,,,,,,ドラゴン,용
丧尸,Zombie,丧尸,,,,,,ゾンビ,좀비
角色,Character,角色,,,,,,役割,역할
鸣人,Naruto,鸣人,,,,,,ナルト,나루토
雏田,Hinata,雏田,,,,,,雏田,"고다 다이스케(1934-), 일본 정치인, 2007-2010년 총리"
女魔法师,Female Wizard,女魔法师,,,,,,魔術師,마법사
赛博女孩,Cyber Girl,赛博女孩,,,,,,サイバーガール,사이버 소녀
舞女,Dancer,舞女,,,,,,踊る女の子,춤추는 소녀
妮可罗宾,Nicole Robin,妮可罗宾,,,,,,ニコール・ロビン,니콜 로빈
贵族少女,Noble Girl,贵族少女,,,,,,高貴な少女,고귀한 소녀
海洋王后,Queen of Ocean,海洋王后,,,,,,海の女王,바다의 여왕
酒吧女DJ,Bar DJ,酒吧女DJ,,,,,,バーの女性DJ,바에서 여성 DJ
破壳绿鸡仔,Shell-breaking Green Chick,破壳绿鸡仔,,,,,,壊れた緑のチキン,깨진 녹색 닭
粉色木乃伊蛋仔,Pink Mummy Egg,粉色木乃伊蛋仔,,,,,,ピンクのミイラの卵の男の子,핑크 미라 계란 소년
粉色婴儿,Pink Baby,粉色婴儿,,,,,,ピンクの赤ちゃん,핑크색 아기
红西红柿,Red Tomato,红西红柿,,,,,,赤いトマト,빨간 토마토
蓝狗狗,Blue Dog,蓝狗狗,,,,,,青い犬,파란 개
蓝衣国王,King in Blue,蓝衣国王,,,,,,青の王,파란색의 왕
恶魔蛋仔,Demon Egg,恶魔蛋仔,,,,,,デビルエッグマン,데빌 에그맨
绿熊猫蛋仔,Green Panda Egg,绿熊猫蛋仔,,,,,,グリーンパンダ ダンジ,초록 판다 단지
黄南瓜头,Yellow Pumpkin Head,黄南瓜头,,,,,,黄色いカボチャの頭,노란 호박 머리
粉兔子,Pink Bunny,粉兔子,,,,,,ピンクのウサギ,핑크색 토끼
棕猫咪,Brown Cat,棕猫咪,,,,,,茶色の猫,갈색 고양이
蓝裙公主,Blue Dress Princess,蓝裙公主,,,,,,青いドレスを着た王女,파란 드레스를 입은 공주
巧克力冰,Chocolate Ice,巧克力冰,,,,,,チョコレートアイス,초콜릿 아이스
天使,Angel,天使,,,,,,天使,천사
紫斑马,Purple zebra,紫斑马,,,,,,紫色のゼブラ,보라색 얼룩말
方仔,Fang,方仔,,,,,,方子,팡지
高级岛小矮怪,Advanced Island Dwarf,高级岛小矮怪,,,,,,上級アイランド グレムリン,고급 섬 그렘린
花嫁新娘 ,Wedding Bride ,花嫁新娘 ,,,,,,花の花嫁 ,꽃의 신부 
彩虹拖尾,Rainbow,彩虹拖尾,,,,,,虹の道,무지개 길
火拖尾,Fire Trail,火拖尾,,,,,,火の跡,화재 흔적
烟雾拖尾,Smoke,烟雾拖尾,,,,,,煙跡,연기 흔적
火焰拖尾,Flame Trail,火焰拖尾,,,,,,炎の跡,불꽃의 흔적
流光拖尾,Flowing Light Trail,流光拖尾,,,,,,ストリーマートレーリング,스트리머 후행
光束拖尾,Beam Trail,光束拖尾,,,,,,ビームテール,빔 테일
彩虹星星拖尾,Rainbow Star,彩虹星星拖尾,,,,,,レインボースター』予告編,레인보우 스타 테일
香蕉,Banana,香蕉,,,,,,バナナ,바나나
骷髅拖尾,Skeleton,骷髅拖尾,,,,,,スカルトレイル,두개골 흔적
星星,Stars,星星,,,,,,星,별
糖果拖尾,Candy Trail,糖果拖尾,,,,,,キャンディトレイル,캔디 트레일
钞票拖尾,Cash Trail,钞票拖尾,,,,,,紙幣の後続,지폐 후행
皇冠拖尾,Crown Trail,皇冠拖尾,,,,,,クラウントレーリング,크라운 후행
雪花拖尾,Snowflake,雪花拖尾,,,,,,スノーフレークトレイル,눈송이 흔적
2023拖尾,2023 Trail,2023拖尾,,,,,,2023年尾行,2023년 테일링
足球拖尾,Football Trail,足球拖尾,,,,,,サッカーの尾行,축구 미행
爆竹拖尾,Firecracker Trail,爆竹拖尾,,,,,,爆竹の後を追う,폭죽 후행
爱心拖尾,Heart Trail,爱心拖尾,,,,,,愛の尾行,사랑의 후행
烟花拖尾,Fireworks Trail,烟花拖尾,,,,,,花火の道,불꽃놀이 코스
奖杯拖尾,Trophy Trail,奖杯拖尾,,,,,,トロフィーの後続,트로피 후행
螺丝钉拖尾,Screw Trail,螺丝钉拖尾,,,,,,スクリューテーリング,스크류 테일링
云拖尾,Cloud Trail,云拖尾,,,,,,雲後縁,클라우드 트레일링 에지(지질학)
礼物拖尾,Gift Trail,礼物拖尾,,,,,,ギフトテール,선물 꼬리
雷电拖尾,Lightning Trail,雷电拖尾,,,,,,雷と稲妻の尾,천둥과 번개 꼬리
挥拳,Swing,挥拳,,,,,,パンチ,펀치
空手,Empty-handed,空手,,,,,,手ぶらで,빈손으로
旋转,Spin,旋转,,,,,,回転させる,회전하다
单手冷兵器跳跃攻击,Cold Weapon Leap Attack,单手冷兵器跳跃攻击,,,,,,片手コールドウェポン ジャンピングアタック,한손 냉기 무기 점프 공격
单手冷兵器提砍,Cold Weapon Slash,单手冷兵器提砍,,,,,,片手でのコールド・ウェポン・チョッピング,한 손으로 차가운 무기 자르기
单手持刀挥砍,Swing Knife,单手持刀挥砍,,,,,,片手でのナイフ・スイング,한 손으로 칼 휘두르기
单手冷武器360°砍（特效是180°）,Cold Weapon 360° Slash (Effect: 180°),单手冷武器360°砍（特效是180°）,,,,,,片手コールドウェポン360度斬り（特殊効果は180度）,한손 냉기 무기 360° 베기(특수 효과는 180°)
单手冷兵器刺剑,Cold Weapon Lancer,单手冷兵器刺剑,,,,,,片手用コールドウェポン銃剣,한손 냉기 총검
扫腿平砍,Leg Sweep Slash,扫腿平砍,,,,,,払い足,스윕 레그 및 플랫 찹(무술)
飞天挥砍,Flying Slash,飞天挥砍,,,,,,フライング・チョップ,플라잉 찹
二连挥剑,Double Swing,二连挥剑,,,,,,両刀使い,이중 검 휘두르기
蹲下扫砍,Squat and Slash,蹲下扫砍,,,,,,クラウチ・スイープ・チョップ,크라우치 스윕 찹
法阵,Magic Formation,法阵,,,,,,魔法陣,마법진
瞬移多砍,Teleport Cut,瞬移多砍,,,,,,テレポーテーションとマルチプルカット,텔레포트 및 다중 컷
双砍,Double Chop,双砍,,,,,,ダブルチョップ,더블 찹
横挥砍,Rampage Slash,横挥砍,,,,,,ハック,해킹
，奖励等级+,", Reward Level +",，奖励等级+,,,,,,報酬レベル,보상 수준 +
，奖励血量+,", reward health +",，奖励血量+,,,,,,ボーナス・ブラッド,보너스 피 +
，奖励攻击力+,", reward ATK +",，奖励攻击力+,,,,,,ボーナス攻撃力,보너스 공격력 +
容易,Easy,容易,,,,,,陥りやすい,책임(에)
简单,Easy,简单,,,,,,単純,단순한
中等,Medium,中等,,,,,,中くらい,중간
困难,Hard,困难,,,,,,困難,어려움
疯狂,Madness,疯狂,,,,,,絶大な人気,극도의 인기
完成,Completed,完成,,,,,,仕上げる,마치다
游戏出Bug啦~,The game is out!,游戏出Bug啦~,,,,,,ゲームにバグがあるんだ。,게임에 버그가 있습니다.
你已经获得所有皮肤~,You've got all the skins!,你已经获得所有皮肤~,,,,,,すべてのスキンを持っている,모든 스킨이 다 있네요~
已到达目标点附近,Reached near the target point.,已到达目标点附近,,,,,,目標地点付近に到着した。,목표 지점 근처에 도착했습니다.
未获得,Not Obtained,未获得,,,,,,未取得,획득하지 못함
增加最大生命值\n+,Increase HP Upper Limit\n+,增加最大生命值\n+,,,,,,最大耐用年数の増加,최대 생명력 값 증가 \n+
恢复当前生命值\n+,Restore HP\n+,恢复当前生命值\n+,,,,,,現在の生命値を復元する,현재 수명 값 복원\n+
增加攻击力\n+,ATK +,增加攻击力\n+,,,,,,攻撃力アップ,공격력 증가\n+
增加移动速度\n+,Increase Speed\n+,增加移动速度\n+,,,,,,移動速度増加,이동 속도 증가\n+
增加飞行速度\n+,Increase Flight Speed\n+,增加飞行速度\n+,,,,,,飛行速度を上げる,비행 속도 증가\n+
增加跳跃高度\n+,Increase Jump Height\n+,增加跳跃高度\n+,,,,,,ジャンプの高さを上げる,점프 높이 증가\n+
增加2次使用次数,Increase usage twice,增加2次使用次数,,,,,,使用回数を2回増やす,사용 횟수 2번 증가
小手别点太快,Don't touch it too fast!,小手别点太快,,,,,,あまり早くクリックしないこと。,너무 빨리 클릭하지 마세요.
获得5秒无敌防御,Gain 5s of Invincible Defense,获得5秒无敌防御,,,,,,5秒間無敵の防御力を得る,5초 동안 무적 방어력 획득
使用成功,Success,使用成功,,,,,,使用成功,성공적으로 사용됨
最大生命值：,Max HP:,最大生命值：,,,,,,最大の健康状態:,최대 체력:
攻击力：,ATK:,攻击力：,,,,,,攻撃力：,공격력:
移动速度：,Speed:,移动速度：,,,,,,移動速度：,이동 속도:
飞行速度：,Flying Speed:,飞行速度：,,,,,,飛行速度：,비행 속도:
跳跃高度：,Jump Height:,跳跃高度：,,,,,,ジャンプの高さ,점프 높이:
连续消灭2人！势不可当！,Eliminate 2 players in a row! Impossible!,连续消灭2人！势不可当！,,,,,,2人連続で殺せ！止められない！,연속으로 2명을 죽여라! 멈출 수 없다!
连续消灭3人！勇冠三军！,Eliminate 3 players in a row! Champion Warrior!,连续消灭3人！勇冠三军！,,,,,,3人連続で殺せ！三軍を勇敢に制覇せよ！,연속으로 3명을 죽여라! 세 군대를 용감하게 승리하세요!
连续消灭4人！无人能敌！,Eliminate 4 players in a row! Invincible!,连续消灭4人！无人能敌！,,,,,,4人連続で殺せ！比類のない！,연속으로 4명을 죽여라! 타의 추종을 불허합니다!
连续消灭5人！横扫千军！,Eliminate 5 players in a row! Sweep the thousands!,连续消灭5人！横扫千军！,,,,,,5人連続で殺せ！数千の軍隊を掃討せよ！,연속으로 5명을 죽여라! 수천 명의 군대를 쓸어버리세요!
连续消灭6人！接近神了！,Eliminate 6 players in a row! Close to God!,连续消灭6人！接近神了！,,,,,,6人を連続で殺せ！神に近い！,연속으로 6명을 죽여라! 하나님께 가까이!
连续消灭7人！超越神了！,Eliminate 7 people in a row! Beyond God!,连续消灭7人！超越神了！,,,,,,7試合連続の敗退！神を超えて,7회 연속 탈락! 신을 넘어서!
连续消灭,Continuous Annihilation,连续消灭,,,,,,連続消去,연속 탈락
人！超越神了！,Man! Beyond God!,人！超越神了！,,,,,,人だ！神を超えて,여러분! 신을 넘어서!
这里是属于你的个人演唱会，在舞台上尽情展示你的风采吧~,"This is your solo concert, showcase your demeanor on stage!",这里是属于你的个人演唱会，在舞台上尽情展示你的风采吧~,,,,,,これはあなただけのコンサートです、ステージであなたのスタイルを披露してください～！,"나만의 콘서트, 무대에서 나만의 스타일을 뽐내보세요~!"
这里是跳舞PK现场，加入他们，赢得接下来的比赛吧~,Join them here to win the next games!,这里是跳舞PK现场，加入他们，赢得接下来的比赛吧~,,,,,,これがダンスPKのシーンだ、彼らに加わって次のコンテストで優勝しよう～！,"댄스 PK 장면입니다, 함께 참여해서 다음 대회에서 우승하세요~!"
这里是休息区，可以躺在椅子一边沐浴阳光，一边欣赏舞台上的风采。,"Here is the lounge area, where you can lounge on a chair and soak up the sun while enjoying the scenery on stage.",这里是休息区，可以躺在椅子一边沐浴阳光，一边欣赏舞台上的风采。,,,,,,ここはラウンジエリアになっていて、椅子にリクライニングしてステージを見ながら日光浴ができる。,의자에 기대어 앉아 무대를 감상하며 햇살을 만끽할 수 있는 라운지 공간입니다.
这里是聊天区，你可以在这里交到很多游戏好朋友，快点加入他们吧~,"This is the chat area, where you can make many good gaming friends. Join them now!",这里是聊天区，你可以在这里交到很多游戏好朋友，快点加入他们吧~,,,,,,ここにチャットエリアがあります。ここでゲーム中の良い友達をたくさん作ることができます！,"여기는 채팅 공간입니다, 여기서 게임에서 좋은 친구를 많이 사귈 수 있습니다, 서둘러서 그들과 함께하세요~!"
这个是豪华的摩天轮，带上你的好朋友快来坐一坐免费的摩天轮吧~,This is a luxurious Ferris wheel. Take your good friends and ride the free Ferris wheel!,这个是豪华的摩天轮，带上你的好朋友快来坐一坐免费的摩天轮吧~,,,,,,豪華な観覧車です。仲の良いお友達を誘って、無料の観覧車に乗ってみませんか～！,"럭셔리 대관람차, 좋은 친구들을 데리고 무료 대관람차를 타보세요~!"
这个是豪华的旋转木马，带上你的游戏好友快来享受快乐吧~,"This is a luxurious carousel, bring your gaming friends and have fun!",这个是豪华的旋转木马，带上你的游戏好友快来享受快乐吧~,,,,,,デラックスなメリーゴーランドです。ゲーム仲間を誘ってお楽しみください！,디럭스 회전목마로 게임 친구들과 함께 즐거운 시간을 보내세요~!
这个是高级蹦床，反复跳跃会越跳越高，小心跳出宇宙哦~带上你的游戏好友来尝试跳出宇宙吧~,This is an advanced trampoline. Jumping repeatedly will make you jump higher and higher. Take your game friends and try jumping out of space!,这个是高级蹦床，反复跳跃会越跳越高，小心跳出宇宙哦~带上你的游戏好友来尝试跳出宇宙吧~,,,,,,これは、高度なトランポリンであり、繰り返しジャンプが高く高くジャンプします、ああ〜宇宙の外にジャンプしようとするあなたのゲームの友人をもたらす〜〜から飛び出すように注意してください！,"이것은 고급 트램폴린이며, 반복적으로 점프하면 더 높이 점프하고 우주에서 뛰어 내릴 수 있으니 조심하세요 오 ~ 게임 친구들을 데리고 우주에서 뛰어 내리기 위해 ~ ~!"
这个是能把人物击飞的旋转闸刀，千万不要触碰它们哟~,This is a rotary knife that can knock characters away. Don't touch them!,这个是能把人物击飞的旋转闸刀，千万不要触碰它们哟~,,,,,,これは回転ゲートで、キャラクターを飛ばすことができるので、触らないように！,캐릭터를 날려 보낼 수 있는 회전 게이트이므로 만지지 마세요!
听说这里的大炮可以把人物当作子弹发射出去、快带上你的游戏好友来试试吧~,I heard the cannon here can shoot characters as bullets. Try it out with your game friends!,听说这里的大炮可以把人物当作子弹发射出去、快带上你的游戏好友来试试吧~,,,,,,ここの大砲はキャラクターを弾に見立てて撃てるらしいから、友達を誘って試してみて！,이곳의 대포는 캐릭터를 총알로 쏠 수 있다고 들었으니 친구들과 함께 체험해 보세요!
周围全部都是带电的围栏，千万不要触碰它们。周围布满了传送门，进入传送门会被传送到魔兽山脉，可以寻找斗技、功法、丹药和异火来帮助你升级哟~,"Electric fences all around; don't touch them. Portals are all over the place. Entering the portal will teleport you to the Beast Mountain. You can find combat skills, skills, potions, and fire to help upgrade your level.",周围全部都是带电的围栏，千万不要触碰它们。周围布满了传送门，进入传送门会被传送到魔兽山脉，可以寻找斗技、功法、丹药和异火来帮助你升级哟~,,,,,,そこらじゅうに電撃フェンスがあるので、触らないように。そこらじゅうにテレポートポータルがあり、そこに入れば獣の山脈に飛ばされ、そこでレベルアップに役立つ戦闘スキルやテクニック、エリクサー、特殊な火を探すことができるんだ！,"주변에 전기가 흐르는 울타리가 있으니 만지지 마세요. 주변에 순간 이동 포털이 있으며, 포털에 들어가면 야수 산맥으로 이동하여 전투 기술, 기술, 엘릭서 및 특수 불을 찾아 업그레이드하는 데 도움이되는 요~!"
这里就是魔兽山脉，这里可以获得斗技、功法、丹药、异火，可以帮助你快速晋级到斗帝哟~,"Here are the Beast Mountains. You can get combat skills, skills, potions, and firepower to help you advance to the Battle King quickly.",这里就是魔兽山脉，这里可以获得斗技、功法、丹药、异火，可以帮助你快速晋级到斗帝哟~,,,,,,ここは魔獣山脈で、闘技、技、仙薬、異火を手に入れることができる！,"이곳은 악마 짐승 산맥으로, 전투 기술, 기술, 영약, 외화 등을 얻을 수있어 도우 디요로 빠르게 전진 할 수 있습니다~!"
魔兽山脉遍地都是宝贝，快通过传送门到这里寻找宝藏吧，记得带上你的游戏好友一起寻找哟~,The Beast Mountains are full of treasures. Use the portal to find the treasures here. Remember to take your game friends with you to find them!,魔兽山脉遍地都是宝贝，快通过传送门到这里寻找宝藏吧，记得带上你的游戏好友一起寻找哟~,,,,,,ビーストマウンテンレンジは宝物でいっぱいです、すぐにポータルを通過してここで宝物を見つける、ヨ〜を探すために一緒にあなたのゲームの友人を連れて来ることを忘れないでください！,"야수 산맥에는 보물이 가득하니, 포털을 통해 빠르게 이곳의 보물을 찾아 게임 친구들을 모아 요~!"
游戏中还有很多好玩的功能，比如右上角的商店里面可以使用各种各样的武器，漂亮帅气的服装，绚丽多彩的翅膀和拖尾。还有排行榜，可以查看自己在游戏中的所有玩家中的排名。还有图鉴里面可以查看所有的斗技、功法、丹药和异火。背景音乐可以自由切换等等。带上你的好友快来体验游戏中的乐趣吧。,"There are many fun features in the game, such as a variety of weapons, beautiful and handsome costumes, and colorful wings and trails in the shop in the upper right corner. There is also a leaderboard to view your ranking among all players in the game. You can also view all Battle Techniques, Skills, Pill Potions, and Hexes in the Codex. Background music can be switched freely, etc. Take your friends and experience the fun in-game!",游戏中还有很多好玩的功能，比如右上角的商店里面可以使用各种各样的武器，漂亮帅气的服装，绚丽多彩的翅膀和拖尾。还有排行榜，可以查看自己在游戏中的所有玩家中的排名。还有图鉴里面可以查看所有的斗技、功法、丹药和异火。背景音乐可以自由切换等等。带上你的好友快来体验游戏中的乐趣吧。,,,,,,右上にあるショップでは様々な武器を使うことができ、美しくハンサムなコスチューム、カラフルな翼や引きずる尻尾など、ゲーム内には楽しい機能がたくさんある。また、リーダーボードも用意されており、ゲーム内の全プレイヤーの中での自分の順位を確認することができる。戦いのテクニック、技、万能薬、異国の火などをチェックできる図鑑もある。BGMは自由に切り替えられるなど。友達を誘って、ゲームの楽しさを体験しよう。,"게임에는 다양한 무기를 사용할 수 있는 오른쪽 상단의 상점, 아름답고 멋진 의상, 화려한 날개와 꼬리 등 재미있는 기능이 많이 있습니다. 게임 내 모든 플레이어 중 자신의 순위를 확인할 수 있는 순위표도 있습니다. 모든 전투 기술, 묘기, 비약, 외래 화재를 확인할 수 있는 일러스트북도 있습니다. 배경 음악 등을 자유롭게 전환할 수 있습니다. 친구들과 함께 게임의 재미를 경험하세요."
正在使用飞行技能,Using Flying Skill,正在使用飞行技能,,,,,,使用中の飛行技術,사용 중인 비행 기술
使用蹦床期间不可以使用飞行翅膀哟~,You can not use Flying Wings during trampoline use!,使用蹦床期间不可以使用飞行翅膀哟~,,,,,,トランポリンを使用している間は、フライングウィングを使用することはできない！,트램펄린을 이용하는 동안에는 플라잉 윙을 사용할 수 없습니다!
飞行倒计时 ,Countdown ,飞行倒计时 ,,,,,,フライトカウントダウン ,항공편 카운트다운 
 秒, Seconds, 秒,,,,,, 秒, 60분의 1도에 해당하는 각도 또는 호의 단위
 击败了 , Defeat , 击败了 ,,,,,, 負けた , 패배하다 
你已被 ,You have been ,你已被 ,,,,,,あなたは ,당신은 
 击败, Defeat, 击败,,,,,, 敗北, 패배
击败 ,Defeat ,击败 ,,,,,,敗北 ,패배 
 完成复仇, Complete Revenge, 完成复仇,,,,,, リベンジを果たす, 복수 완료
普通人(0 级),Ordinary (Level 0),普通人(0 级),,,,,,一般人口（レベル0）,일반 인구(레벨 0)
斗之气 ,Energy ,斗之气 ,,,,,,闘志 ,투지 
 段(, Paragraph (, 段(,,,,,, パラグラフ, 단락 (
级),Level),级),,,,,,レベル),레벨)
斗者 ,Fighter ,斗者 ,,,,,,ファイター ,전투기 
 星(, Star (, 星(,,,,,, スター(, 별 (
斗师 ,Fighter ,斗师 ,,,,,,ファイター ,전투기 
大斗师 ,Fighter ,大斗师 ,,,,,,巨匠 ,위대한 마스터 
斗灵 ,Fighter Spirit ,斗灵 ,,,,,,闘志 ,투지 
斗王 ,Fighter ,斗王 ,,,,,,喧嘩王 ,싸움의 왕 
斗皇 ,Fighter ,斗皇 ,,,,,,ゴッド・オブ・ウォー ,갓 오브 워 
斗宗 ,Fighter ,斗宗 ,,,,,,杜宗、道教の運命の神 ,"도교의 운명의 신, 두종 "
斗尊 ,Master ,斗尊 ,,,,,,デュエリスト ,듀얼리스트 
斗圣 ,Fighter ,斗圣 ,,,,,,ケンカの神様 ,싸움의 신 
斗帝 ,Emperor ,斗帝 ,,,,,,ゴッド・オブ・ウォー ,갓 오브 워 
未拥有、可在抽奖中获得哟~,Unowned items can be obtained in the lottery.,未拥有、可在抽奖中获得哟~,,,,,,持っていない人は抽選で手に入れることができる。,가지고 있지 않다면 추첨을 통해 받을 수 있습니다.
增加次数,Increase count,增加次数,,,,,,回数増,횟수 증가
第,No.,第,,,,,,第,아니요.
已通关,Cleared,已通关,,,,,,完了しました,완전한
关已解锁,Level Unlocked,关已解锁,,,,,,ロック解除,잠금 해제
级解锁,Unlock at Level,级解锁,,,,,,トップレベルでロック解除,최상위 레벨에서 잠금 해제
等级不足,Insufficient level.,等级不足,,,,,,レベルが足りません,레벨이 부족해요
关已通关,Area Cleared,关已通关,,,,,,パスはクリアされた。,통과가 완료되었습니다.
小手别点太快哟~,Don't touch it too fast!,小手别点太快哟~,,,,,,あまり早くクリックしないこと。,너무 빨리 클릭하지 마세요.
等级,Level,等级,,,,,,学年,등급
第 ,No. ,第 ,,,,,,第 ,아니요. 
 名, Name, 名,,,,,, 名, 장소(예: 우승자 중)
已佩戴,Wearing,已佩戴,,,,,,着古した,착용
请选择武器~,Please select a weapon!,请选择武器~,,,,,,武器を選択してください。,무기를 선택해 주세요.
已使用~,Used~,已使用~,,,,,,中古,중고~
保存武器,Save Weapon,保存武器,,,,,,武器の保存,무기 보존
保存服装,Save Outfit,保存服装,,,,,,衣類の保存,의류 보존
保存翅膀,Save Wing,保存翅膀,,,,,,翼を守れ,날개 저장
保存拖尾,Save Trail,保存拖尾,,,,,,セーブ・ドラッグテイル,드래그 테일 저장
得到奖励攻击力+100生命值+1000,Get ATK + 100 HP + 1000,得到奖励攻击力+100生命值+1000,,,,,,ボーナス攻撃＋100 ライフスティール＋1000,보너스 공격력 +100 생명력 +1000 획득
得到奖励攻击力+200生命值+2000,Get ATK + 200 HP + 2000,得到奖励攻击力+200生命值+2000,,,,,,ボーナス攻撃＋200 ライフスティール＋2000,추가 공격 +200 생명력 +2000 획득
得到奖励攻击力+300生命值+3000,Get ATK + 300 HP + 3000,得到奖励攻击力+300生命值+3000,,,,,,ボーナス攻撃 +300 ライフスティール +3000,보너스 공격력 +300 생명력 +3000 획득
得到奖励攻击力+400生命值+4000,Gain ATK + 400 HP + 4000,得到奖励攻击力+400生命值+4000,,,,,,ボーナス攻撃 +400 ライフスティール +4000,보너스 공격력 +400 생명력 획득 +4000
得到奖励攻击力+500生命值+5000,Get ATK +500 HP +5000,得到奖励攻击力+500生命值+5000,,,,,,ボーナス攻撃 +500 ライフスティール +5000,보너스 공격력 +500 생명력 +5000 획득
得到奖励攻击力+600生命值+6000,Get ATK +600 HP +6000,得到奖励攻击力+600生命值+6000,,,,,,ボーナス攻撃 +600 ライフスティール +6000,보너스 공격력 +600 생명력 +6000 획득
得到奖励攻击力+700生命值+7000,Get ATK + 700 HP + 7000,得到奖励攻击力+700生命值+7000,,,,,,ボーナス攻撃＋700 ライフスティール＋7000,보너스 공격력 +700 생명력 +7000 획득
已领取哟~,Claimed!,已领取哟~,,,,,,私はそれを持っている。,알겠습니다.
未到领取时间哟~,Not time yet!,未到领取时间哟~,,,,,,まだ回収の時期ではない。,아직 수집할 때가 아닙니다.
不存在这份存档，可能是新玩家,"This archive does not exist, it may be new player",不存在这份存档，可能是新玩家,,,,,,このアーカイブは存在しません。新しいプレーヤーである可能性があります,이 아카이브는 존재하지 않습니다. 새로운 플레이어일 수 있습니다.
世界UI,World,世界UI,,,,,,世界UI,월드 UI
蹦床,Trampoline,蹦床,,,,,,トランポリン,트램펄린
张吉惟,Jackie Zhang,张吉惟,,,,,,チャン・ジーウェイ,장지웨이
林国瑞,Lin Guorui,林国瑞,,,,,,林国瑞,린 구오루이
林玫书,Mary Lin,林玫书,,,,,,林美秀,린 메이슈
林雅南,Lin Yanan,林雅南,,,,,,林延安,린 야난
江奕云,Jiang Yiyun,江奕云,,,,,,ジャン・イーユン,지앙이윤
刘柏宏,Patrick Liu,刘柏宏,,,,,,劉白紅,리우 바이홍
阮建安,Nguyen Jian An,阮建安,,,,,,阮建安,루안 지안안
林子帆,Forest Sail,林子帆,,,,,,リン・ジーファン,린지판
夏志豪,Natsume Onna,夏志豪,,,,,,夏志豪,샤 지하오
吉茹定,Jade,吉茹定,,,,,,ギルディン,기루딘
李中冰,Li Zhongbing,李中冰,,,,,,李忠兵,리 종빙
谢彦文,Xie Yanwen,谢彦文,,,,,,謝延文,시에 옌웬
傅智翔,Jixiang Fu,傅智翔,,,,,,傅志祥,푸지샹
洪振霞,Hong Zhenxia,洪振霞,,,,,,ホン・ジェンシア,홍진시아
刘姿婷,CrimsonRose,刘姿婷,,,,,,劉子廷,리우 지팅
荣姿康,Wing Pose,荣姿康,,,,,,栄子康,롱지캉
吕致盈,Lui,吕致盈,,,,,,陸志英,루 지잉
方一强,Fang Yiqiang,方一强,,,,,,ファン・イー強,팡이창
黎芸贵,Le Yugui,黎芸贵,,,,,,李雲貴,리윤귀
郑伊雯,Miss Cheng,郑伊雯,,,,,,ジェン・イーウェン,정이웬
雷进宝,Thunder Treasure,雷进宝,,,,,,雷金宝,레이 진바오
吴美隆,Wu Meilong,吴美隆,,,,,,呉美龍,우 메이롱
吴心真,Wu Xinzhen,吴心真,,,,,,呉新鎮,우신전
王美珠,Miss Wong,王美珠,,,,,,王美珠,왕메이주
郭芳天,Guo Fangtian,郭芳天,,,,,,郭方天,궈팡티엔
李雅惠,Li Yahui,李雅惠,,,,,,リー・ヤフイ,리 야후이
陈文婷,Vincent Chan,陈文婷,,,,,,チェン・ウェンティン,첸 웬팅
曹敏侑,Minyu Cao,曹敏侑,,,,,,曹民佑,조민유
王依婷,King Yiting,王依婷,,,,,,王一廷,왕 이팅
陈婉璇,Miss Chan,陈婉璇,,,,,,チェン・ワンシュアン,첸 완쉬안
吴美玉,Miss Wu,吴美玉,,,,,,ウー・メイユ,우 메이유
蔡依婷,Choi,蔡依婷,,,,,,蔡一廷,카이 이팅
郑昌梦,Zheng Changmeng,郑昌梦,,,,,,鄭長夢,정 창멍
林家纶,Hairstyle,林家纶,,,,,,林佳倫,린 지알룬
黄丽昆,Liquin Wong,黄丽昆,,,,,,黄立坤,황리쿤
李育泉,Li Yuquan,李育泉,,,,,,李育泉,리 위취안
黄芸欢,Louie Wong,黄芸欢,,,,,,黄雲環,황윤환
吴韵如,Wu Yunru,吴韵如,,,,,,ウー・ユンルー,우윤루
李肇芬,Li Zhaofen,李肇芬,,,,,,李兆芬,리 자오펀
卢木仲,Lumicommia,卢木仲,,,,,,盧武忠,루 무종
李成白,Lee Sung-bae,李成白,,,,,,李成白,리청바이
方兆玉,Fang Zhaoyu,方兆玉,,,,,,方昭宇,팡 자오유
刘翊惠,Yihui Liu,刘翊惠,,,,,,リウ・イーフイ,류이후이
丁汉臻,Ding Hanzhen,丁汉臻,,,,,,ディン・ハンジェン,딩 한젠
吴佳瑞,Gary Wu,吴佳瑞,,,,,,呉家瑞,우 지아루이
舒绿珮,Shuluan,舒绿珮,,,,,,シュー・ルペイ,슈 루페이
周白芷,Zhou Baizhao,周白芷,,,,,,周百志,저우바이지
张姿妤,Miss Zhang,张姿妤,,,,,,チャン・ツィユ,장쯔위
张虹伦,Honglun Zhang,张虹伦,,,,,,張紅倫,장홍룬
周琼玫,Chou Qiong-mei,周琼玫,,,,,,周瓊梅,저우 경메이
倪怡芳,Ni Yifang,倪怡芳,,,,,,ニー・イーファン,니 이팡
郭贵妃,Princess Guo,郭贵妃,,,,,,郭貴妃,궈귀페이
杨佩芳,Yang Peifang,杨佩芳,,,,,,ヤン・ペイファン,양페이팡
黄盛玫,Huang Shengmei,黄盛玫,,,,,,黄聖梅,황성메이
郑丽青,Zheng Liqing,郑丽青,,,,,,鄭立清,정 리칭
许智云,Xu Zhiyun,许智云,,,,,,徐志雲,쉬즈윤
张孟涵,Zhang Menghan,张孟涵,,,,,,張孟漢,장멍한
李小爱,Lee,李小爱,,,,,,リー・シャオアイ,리 샤오아이
王恩龙,Wang Enlong,王恩龙,,,,,,王恩龍,왕엔롱
朱政廷,Zhu Zhengting,朱政廷,,,,,,朱政廷,주 정팅(Zhu Zhengting)
邓诗涵,Deng Sihan,邓诗涵,,,,,,鄧師範,덩스한
陈政倩,Chan Jeong-sun,陈政倩,,,,,,チェン・ジェンチェン,첸 정첸
吴俊伯,Uncle Oh,吴俊伯,,,,,,ウー・ジュンボ,우준보
阮馨学,Nguyễn Xinxue,阮馨学,,,,,,阮新雪,루안 신슈에
翁惠珠,Hon Hye-joo,翁惠珠,,,,,,ウェン・ホイジュウ,웽 후이주
吴思翰,Sihan Wu,吴思翰,,,,,,ウー・シハン,우시한
林佩玲,Pamela Lin,林佩玲,,,,,,リン・ペイリング,린 페일링
邓海来,Deng Hailai,邓海来,,,,,,鄧海来,덩 하이라이
陈翊依,Chen Yiyi,陈翊依,,,,,,チェン・イーイー,첸 이이
李建智,Lee Jian-ji,李建智,,,,,,李建志,리 젠지
武淑芬,Takeshi,武淑芬,,,,,,呉書芬,우슈펀
金雅琪,Jackie Kim,金雅琪,,,,,,ジン・ヤキ,진 야치
赖怡宜,Lai Yiyi,赖怡宜,,,,,,ライ・イーイー,라이이이
黄育霖,Yulin Huang,黄育霖,,,,,,黄玉林,황유린
张仪湖,Zhang Yihu,张仪湖,,,,,,チャン・イーフ,장이후
王俊民,Wang Junmin,王俊民,,,,,,王俊民,왕준민
张诗刚,Zhang Shigang,张诗刚,,,,,,張世剛,장시강
林慧颖,Lin Weiying,林慧颖,,,,,,林恵英,린 휘잉
沈俊君,Sunny,沈俊君,,,,,,沈俊君,션 준준
陈淑妤,Sunny Chan,陈淑妤,,,,,,チェン・シュユ,첸 슈유
李姿伶,Li,李姿伶,,,,,,李子陵,리 지링
高咏钰,Wing Wings,高咏钰,,,,,,高龍宇,가오용유
黄彦宜,Huang Yanyi,黄彦宜,,,,,,黄彦宜,황옌이
周孟儒,Zhou Mengju,周孟儒,,,,,,周夢如,저우 멩루
潘欣臻,Pan Xinzhen,潘欣臻,,,,,,潘新鎮,판 신젠
李祯韵,Lee Chan-yun,李祯韵,,,,,,李振雲,리젠윤
叶洁启,Yip Jieqi,叶洁启,,,,,,葉潔琦,예지에치
梁哲宇,Liang Cheol-woo,梁哲宇,,,,,,梁哲宇,리앙 저유
黄晓萍,Huang Xiaoping,黄晓萍,,,,,,黄小平,황샤오핑
杨雅萍,Yang Yaping,杨雅萍,,,,,,ヤン・ヤピン,양야핑
卢志铭,Lu Zhiming,卢志铭,,,,,,陸志明,루 지밍
张茂以,Zhang Maoyu,张茂以,,,,,,チャン・マオイ,장 마오이
林婉婷,Miss Lin,林婉婷,,,,,,リン・ウォンティング,린 원팅
蔡宜芸,Young Choi,蔡宜芸,,,,,,蔡宜芸,카이 이윤
林珮瑜,Lin,林珮瑜,,,,,,リン・ペイユ,린 페이유
黄柏仪,Phellodendron,黄柏仪,,,,,,黄白一,황바이이
周逸珮,Silverstorm,周逸珮,,,,,,周一培,저우이페이
夏雅惠,Harry,夏雅惠,,,,,,シア・ヤフイ,시아 야후이
王采珮,King Crimson,王采珮,,,,,,ワン・ツァイペイ,왕 카이페이
林孟霖,Lin Menglin,林孟霖,,,,,,林夢林,린 멩린
林竹水,Bamboo Water,林竹水,,,,,,林珠水,린 주슈이
王怡乐,Happy Wang,王怡乐,,,,,,王一楽,왕 일레
王爱乐,King Melody,王爱乐,,,,,,ワン・アイル,왕 아일
金佳蓉,Golden Dragon,金佳蓉,,,,,,ジン・ジアロン,진지아롱
韩健毓,Han Jiantao,韩健毓,,,,,,ハン・ジャンユー,한젠위
李士杰,Jet Li,李士杰,,,,,,李世傑,리 시지에
陈董珍,Chan Dong-jin,陈董珍,,,,,,陳東振,첸 동전
苏姿婷,Susan,苏姿婷,,,,,,蘇子亭,쑤 지팅
张政霖,Zhang Zhenglin,张政霖,,,,,,張正林,장정린
李志宏,Lee Chi-hong,李志宏,,,,,,李志紅,리 지홍
陈素达,Sunda Chan,陈素达,,,,,,陳須田,첸 수다
陈虹荣,Chan Hong-rong,陈虹荣,,,,,,チェン・ホンロン,첸 홍롱
何美玲,Alex Ho,何美玲,,,,,,何美玲,헤 메이링
李仪琳,Yilin Lee,李仪琳,,,,,,リー・イーリン,리 이린
张俞幸,Zhang Yuxue,张俞幸,,,,,,張玉興,장 유싱
黄秋萍,Huang Qiuping,黄秋萍,,,,,,黄秋平,황 치우핑
潘吉维,Panjivi,潘吉维,,,,,,パンジビ,판지비
魔兽美杜莎,Beast Medusa,魔兽美杜莎,,,,,,ウォークラフト・メデューサ,워크래프트 메두사
魔兽炫彩蜘蛛,Beast Colorful Spider,魔兽炫彩蜘蛛,,,,,,ウォークラフト・ダズリング・スパイダー,워크래프트 대즐링 스파이더
魔兽蜘蛛精,Beast Spider,魔兽蜘蛛精,,,,,,ウォークラフト・スパイダー・ゴブリン,워크래프트 스파이더 고블린
龙之魔兽,Dragon Beast,龙之魔兽,,,,,,ドラゴン・ビースト,드래곤 비스트
变异布偶,Mutated Doll,变异布偶,,,,,,ミュータント・マペット,돌연변이 머펫
一,One,一,,,,,,一,하나
二,Two,二,,,,,,二,둘
三,Three,三,,,,,,三,삼
四,Four,四,,,,,,四,4개
五,Five,五,,,,,,五,다섯
六,Six,六,,,,,,六,육
七,Seven,七,,,,,,七,일곱
八,Eight,八,,,,,,八,여덟
九,Nine,九,,,,,,九,아홉
十,Ten,十,,,,,,十,열
百,Hundred,百,,,,,,百,백
千,Thousands,千,,,,,,千,천
万,Million,万,,,,,,万,만
亿,Billions,亿,,,,,,1億,1억
零,Zero,零,,,,,,零,영

